{"type":"FeatureCollection","name":"california_fault_sections","crs":{"type":"name","properties":{"name":"urn:ogc:def:crs:OGC:1.3:CRS84"}},"features":[{"type":"Feature","properties":{"section_id":1,"section_name":"Airport Lake","state":"CA","secondary_state":"","dip_deg":50.0,"dip_dir":"SE","rake_deg":-90.0,"upper_depth_km":0.0,"lower_depth_km":13.0},"geometry":{"type":"LineString","coordinates":[[-117.74953,35.74054],[-117.76492,35.81665],[-117.78146,35.91292],[-117.76387,35.99371],[-117.76424,36.03181],[-117.77171,36.04371],[-117.76181,36.06619],[-117.76664,36.09006],[-117.75441,36.15812]]}},{"type":"Feature","properties":{"section_id":2,"section_name":"Almanor","state":"CA","secondary_state":"","dip_deg":90.0,"dip_dir":"E","rake_deg":-135.0,"upper_depth_km":0.0,"lower_depth_km":10.0},"geometry":{"type":"LineString","coordinates":[[-121.129,40.201],[-121.15368,40.24237],[-121.15994,40.28852],[-121.23453,40.38504],[-121.25484,40.49096]]}},{"type":"Feature","properties":{"section_id":3,"section_name":"Anacapa - Dume","state":"CA","secondary_state":"","dip_deg":45.0,"dip_dir":"N","rake_deg":60.0,"upper_depth_km":0.0,"lower_depth_km":15.5},"geometry":{"type":"LineString","coordinates":[[-118.552,34.0202],[-118.64926,33.99192],[-118.743,33.9731],[-118.819,33.9581],[-118.935,33.9474],[-119.02,33.9698],[-119.145,33.9748],[-119.228,33.9388]]}},{"type":"Feature","properties":{"section_id":5,"section_name":"Anaheim","state":"CA","secondary_state":"","dip_deg":71.0,"dip_dir":"NE","rake_deg":90.0,"upper_depth_km":3.8,"lower_depth_km":14.2},"geometry":{"type":"LineString","coordinates":[[-117.94545,33.7779],[-117.98024,33.80593],[-118.02666,33.84329],[-118.06527,33.87827]]}},{"type":"Feature","properties":{"section_id":6,"section_name":"Ash Hill","state":"CA","secondary_state":"","dip_deg":90.0,"dip_dir":"Vertical","rake_deg":180.0,"upper_depth_km":0.0,"lower_depth_km":13.0},"geometry":{"type":"LineString","coordinates":[[-117.4596,36.3944],[-117.4394,36.33586],[-117.42684,36.31278],[-117.41991,36.28315],[-117.4191,36.25367],[-117.40568,36.229],[-117.37966,36.16482],[-117.34282,36.10473],[-117.33019,36.05056],[-117.29209,35.97651]]}},{"type":"Feature","properties":{"section_id":7,"section_name":"Baker","state":"CA","secondary_state":"","dip_deg":90.0,"dip_dir":"Vertical","rake_deg":180.0,"upper_depth_km":0.0,"lower_depth_km":13.0},"geometry":{"type":"LineString","coordinates":[[-115.92044,34.92186],[-115.982731,35.017021],[-116.04519,35.112131],[-116.10782,35.20719],[-116.153366,35.267457],[-116.19899,35.3277],[-116.226033,35.423068],[-116.25315,35.51841],[-116.31527,35.56638],[-116.37981,35.58964]]}},{"type":"Feature","properties":{"section_id":8,"section_name":"Bartlett Springs","state":"CA","secondary_state":"","dip_deg":90.0,"dip_dir":"Vertical","rake_deg":180.0,"upper_depth_km":0.0,"lower_depth_km":14.5},"geometry":{"type":"LineString","coordinates":[[-122.49936,38.99726],[-122.59732,39.08996],[-122.65323,39.15179],[-122.75552,39.21585],[-122.812347,39.282985],[-122.86929,39.35009],[-122.91976,39.39771],[-122.95553,39.4664],[-123.002854,39.52238],[-123.05026,39.57834],[-123.12053,39.65001],[-123.15794,39.69494],[-123.21711,39.72038],[-123.24577,39.75486],[-123.28762,39.80548],[-123.33892,39.90005],[-123.39605,39.96296],[-123.43804,40.0303],[-123.42427,40.07723],[-123.44954,40.17096],[-123.49065,40.20732]]}},{"type":"Feature","properties":{"section_id":9,"section_name":"Battle Creek","state":"CA","secondary_state":"","dip_deg":74.0,"dip_dir":"S","rake_deg":90.0,"upper_depth_km":0.0,"lower_depth_km":19.7},"geometry":{"type":"LineString","coordinates":[[-122.17135,40.39736],[-122.1133,40.40716],[-122.07774,40.42348],[-122.03165,40.43006],[-121.97998,40.44586],[-121.95331,40.44608],[-121.90307,40.45826],[-121.84084,40.46686],[-121.81094,40.46599]]}},{"type":"Feature","properties":{"section_id":10,"section_name":"Bear River","state":"CA","secondary_state":"","dip_deg":60.0,"dip_dir":"N","rake_deg":90.0,"upper_depth_km":0.0,"lower_depth_km":10.0},"geometry":{"type":"LineString","coordinates":[[-124.12133,40.34101],[-124.21092,40.43662],[-124.303429,40.447811],[-124.39597,40.45894],[-124.476984,40.491499],[-124.55808,40.52401],[-124.70078,40.59973]]}},{"type":"Feature","properties":{"section_id":11,"section_name":"Bennett Valley","state":"CA","secondary_state":"","dip_deg":90.0,"dip_dir":"Vertical","rake_deg":180.0,"upper_depth_km":0.0,"lower_depth_km":10.0},"geometry":{"type":"LineString","coordinates":[[-122.46963,38.22547],[-122.53673,38.29239],[-122.59186,38.37576],[-122.64652,38.43466],[-122.65549,38.48029]]}},{"type":"Feature","properties":{"section_id":12,"section_name":"Bicycle Lake","state":"CA","secondary_state":"","dip_deg":90.0,"dip_dir":"Vertical","rake_deg":0.0,"upper_depth_km":0.0,"lower_depth_km":12.3},"geometry":{"type":"LineString","coordinates":[[-116.66601,35.28026],[-116.61279,35.27059],[-116.50688,35.22852],[-116.45768,35.2276]]}},{"type":"Feature","properties":{"section_id":13,"section_name":"Big Lagoon","state":"CA","secondary_state":"","dip_deg":35.0,"dip_dir":"NE","rake_deg":90.0,"upper_depth_km":0.0,"lower_depth_km":13.0},"geometry":{"type":"LineString","coordinates":[[-124.04637,41.00086],[-124.06176,41.05227],[-124.08091,41.08354],[-124.09162,41.11488],[-124.10195,41.14432],[-124.1106,41.1927],[-124.13159,41.22349],[-124.173264,41.286008],[-124.21502,41.34851],[-124.24503,41.40357],[-124.27341,41.46798],[-124.35793,41.55917],[-124.42645,41.65595],[-124.445094,41.77704],[-124.46381,41.89812],[-124.51038,41.9464],[-124.59484,41.99637],[-124.64301,42.05122],[-124.67847,42.14403],[-124.70946,42.25195],[-124.74921,42.33455]]}},{"type":"Feature","properties":{"section_id":14,"section_name":"Big Pine (center)","state":"CA","secondary_state":"","dip_deg":76.0,"dip_dir":"S","rake_deg":90.0,"upper_depth_km":0.0,"lower_depth_km":6.6},"geometry":{"type":"LineString","coordinates":[[-119.35657,34.66789],[-119.29654,34.68741],[-119.25966,34.70893],[-119.21475,34.72315],[-119.12405,34.71015]]}},{"type":"Feature","properties":{"section_id":15,"section_name":"Big Pine (east)","state":"CA","secondary_state":"","dip_deg":73.0,"dip_dir":"N","rake_deg":60.0,"upper_depth_km":0.0,"lower_depth_km":14.3},"geometry":{"type":"LineString","coordinates":[[-119.0056,34.81971],[-119.04974,34.78783],[-119.18094,34.73474],[-119.23191,34.74445]]}},{"type":"Feature","properties":{"section_id":16,"section_name":"Big Pine (west)","state":"CA","secondary_state":"","dip_deg":50.0,"dip_dir":"N","rake_deg":90.0,"upper_depth_km":0.0,"lower_depth_km":11.0},"geometry":{"type":"LineString","coordinates":[[-119.42705,34.66513],[-119.51861,34.67289],[-119.56429,34.66903],[-119.62411,34.67012]]}},{"type":"Feature","properties":{"section_id":17,"section_name":"Blackwater","state":"CA","secondary_state":"","dip_deg":90.0,"dip_dir":"Vertical","rake_deg":180.0,"upper_depth_km":0.0,"lower_depth_km":12.1},"geometry":{"type":"LineString","coordinates":[[-116.99329,35.00138],[-117.060595,35.053611],[-117.128,35.1058],[-117.170963,35.166611],[-117.214,35.2274],[-117.263451,35.296865],[-117.313,35.3663],[-117.413,35.4494]]}},{"type":"Feature","properties":{"section_id":18,"section_name":"Blue Cut","state":"CA","secondary_state":"","dip_deg":90.0,"dip_dir":"Vertical","rake_deg":0.0,"upper_depth_km":0.0,"lower_depth_km":13.1},"geometry":{"type":"LineString","coordinates":[[-116.26581,33.90574],[-116.10923,33.89976],[-116.0095,33.91292],[-115.94065,33.90875],[-115.83134,33.91136],[-115.67349,33.91963],[-115.56308,33.92977],[-115.40944,33.94089]]}},{"type":"Feature","properties":{"section_id":19,"section_name":"Brawley","state":"CA","secondary_state":"","dip_deg":90.0,"dip_dir":"Vertical","rake_deg":180.0,"upper_depth_km":0.0,"lower_depth_km":13.2},"geometry":{"type":"LineString","coordinates":[[-115.70597,33.34502],[-115.649207,33.248181],[-115.592597,33.151291],[-115.536138,33.054351],[-115.47983,32.95736],[-115.4762,32.91068],[-115.48697,32.84074]]}},{"type":"Feature","properties":{"section_id":21,"section_name":"Breckenridge","state":"CA","secondary_state":"","dip_deg":60.0,"dip_dir":"E","rake_deg":-90.0,"upper_depth_km":0.0,"lower_depth_km":14.6},"geometry":{"type":"LineString","coordinates":[[-118.5609,35.372],[-118.5483,35.4037],[-118.5454,35.439],[-118.5457,35.4686]]}},{"type":"Feature","properties":{"section_id":22,"section_name":"Bullion Mountains","state":"CA","secondary_state":"","dip_deg":90.0,"dip_dir":"Vertical","rake_deg":180.0,"upper_depth_km":0.0,"lower_depth_km":13.0},"geometry":{"type":"LineString","coordinates":[[-115.99739,34.30545],[-116.03158,34.34793],[-116.03929,34.38156],[-116.05971,34.41721],[-116.10462,34.43961],[-116.15165,34.48311],[-116.20348,34.51416],[-116.25405,34.56052]]}},{"type":"Feature","properties":{"section_id":23,"section_name":"Burnt Mountain","state":"CA","secondary_state":"","dip_deg":67.0,"dip_dir":"E","rake_deg":180.0,"upper_depth_km":0.0,"lower_depth_km":15.9},"geometry":{"type":"LineString","coordinates":[[-116.39051,33.9348],[-116.39551,33.98918],[-116.39545,34.01312],[-116.39984,34.03496],[-116.41273,34.06068],[-116.41008,34.09358],[-116.41198,34.12212]]}},{"type":"Feature","properties":{"section_id":25,"section_name":"Cady","state":"CA","secondary_state":"","dip_deg":90.0,"dip_dir":"Vertical","rake_deg":0.0,"upper_depth_km":0.0,"lower_depth_km":13.9},"geometry":{"type":"LineString","coordinates":[[-116.65687,34.9317],[-116.57564,34.90551],[-116.47274,34.89341],[-116.36984,34.89941],[-116.31419,34.89754]]}},{"type":"Feature","properties":{"section_id":26,"section_name":"Calico - Hidalgo","state":"CA","secondary_state":"","dip_deg":90.0,"dip_dir":"Vertical","rake_deg":180.0,"upper_depth_km":0.0,"lower_depth_km":13.9},"geometry":{"type":"LineString","coordinates":[[-116.153,34.1726],[-116.222,34.2872],[-116.264,34.361],[-116.302968,34.41891],[-116.342,34.4768],[-116.399956,34.530767],[-116.458,34.5847],[-116.495,34.6353],[-116.529,34.6744],[-116.561,34.7191],[-116.596,34.7524],[-116.689,34.8568],[-116.795,34.9242],[-116.837,34.9388],[-116.9293,34.99944]]}},{"type":"Feature","properties":{"section_id":27,"section_name":"Camp Rock","state":"CA","secondary_state":"","dip_deg":90.0,"dip_dir":"Vertical","rake_deg":180.0,"upper_depth_km":0.0,"lower_depth_km":15.1},"geometry":{"type":"LineString","coordinates":[[-116.5782,34.5823],[-116.674,34.6475],[-116.734,34.6994],[-116.808,34.7525],[-116.857,34.7831],[-116.884,34.8312],[-116.917,34.8715]]}},{"type":"Feature","properties":{"section_id":28,"section_name":"Canada David","state":"CA","secondary_state":"","dip_deg":37.0,"dip_dir":"W","rake_deg":-90.0,"upper_depth_km":0.0,"lower_depth_km":15.3},"geometry":{"type":"LineString","coordinates":[[-115.425321,32.308917],[-115.4681,32.2784],[-115.47518,32.24155],[-115.46876,32.20404],[-115.36081,32.13531],[-115.34343,32.09116],[-115.33186,32.05008]]}},{"type":"Feature","properties":{"section_id":29,"section_name":"Carlsbad","state":"CA","secondary_state":"","dip_deg":37.0,"dip_dir":"E","rake_deg":90.0,"upper_depth_km":1.6,"lower_depth_km":7.3},"geometry":{"type":"LineString","coordinates":[[-117.47315,32.83412],[-117.44321,32.94712],[-117.43252,33.01013],[-117.45612,33.02992],[-117.48208,33.05234],[-117.54826,33.16068],[-117.57502,33.22904],[-117.60178,33.27616],[-117.61426,33.29482],[-117.62446,33.30917],[-117.63304,33.3428]]}},{"type":"Feature","properties":{"section_id":30,"section_name":"Casmalia","state":"CA","secondary_state":"","dip_deg":75.0,"dip_dir":"S","rake_deg":90.0,"upper_depth_km":0.0,"lower_depth_km":12.0},"geometry":{"type":"LineString","coordinates":[[-120.76132,34.98364],[-120.69929,34.95857],[-120.6089,34.93003],[-120.49401,34.86013],[-120.39677,34.84395],[-120.34315,34.75868]]}},{"type":"Feature","properties":{"section_id":31,"section_name":"Cedar Mountain - Mahogany Mountain","state":"CA","secondary_state":"OR","dip_deg":60.0,"dip_dir":"W","rake_deg":-90.0,"upper_depth_km":0.0,"lower_depth_km":9.5},"geometry":{"type":"LineString","coordinates":[[-122.1163,42.19857],[-122.065065,42.114158],[-122.013969,42.029725],[-121.96301,41.94527],[-121.94468,41.81986],[-121.930195,41.721804],[-121.915755,41.623741],[-121.90136,41.52567]]}},{"type":"Feature","properties":{"section_id":32,"section_name":"Cerro Prieto","state":"CA","secondary_state":"","dip_deg":90.0,"dip_dir":"Vertical","rake_deg":180.0,"upper_depth_km":0.0,"lower_depth_km":14.3},"geometry":{"type":"LineString","coordinates":[[-115.61214,32.65079],[-115.533338,32.589687],[-115.454668,32.528524],[-115.37613,32.4673],[-115.34138,32.43951],[-115.28651,32.40513],[-115.23657,32.37152],[-115.1605,32.31411],[-115.08381,32.26172],[-115.00762,32.20941],[-114.93308,32.15222]]}},{"type":"Feature","properties":{"section_id":33,"section_name":"Channel Islands","state":"CA","secondary_state":"","dip_deg":20.0,"dip_dir":"N","rake_deg":90.0,"upper_depth_km":5.0,"lower_depth_km":12.3},"geometry":{"type":"LineString","coordinates":[[-119.263,34.0258],[-119.361,34.001],[-119.466,33.9884],[-119.525,33.9866],[-119.633,33.9612],[-119.68,33.9431],[-119.757,33.9431],[-119.815,33.9457],[-119.882,33.9745]]}},{"type":"Feature","properties":{"section_id":34,"section_name":"Channel Islands (ramp)","state":"CA","secondary_state":"","dip_deg":21.0,"dip_dir":"N","rake_deg":90.0,"upper_depth_km":4.8,"lower_depth_km":12.5},"geometry":{"type":"LineString","coordinates":[[-119.40656,34.06878],[-119.45488,34.10011],[-119.54209,34.13241],[-119.58495,34.15842],[-119.69145,34.18303],[-119.74355,34.19264],[-119.78097,34.22344],[-119.85926,34.27186],[-119.95936,34.2928],[-120.00673,34.28806]]}},{"type":"Feature","properties":{"section_id":36,"section_name":"Chino","state":"CA","secondary_state":"","dip_deg":65.0,"dip_dir":"W","rake_deg":150.0,"upper_depth_km":0.0,"lower_depth_km":13.4},"geometry":{"type":"LineString","coordinates":[[-117.74547,34.0332],[-117.71028,33.97237],[-117.62862,33.88569],[-117.56576,33.82424]]}},{"type":"Feature","properties":{"section_id":37,"section_name":"Clamshell - Sawpit","state":"CA","secondary_state":"","dip_deg":50.0,"dip_dir":"N","rake_deg":90.0,"upper_depth_km":0.0,"lower_depth_km":14.0},"geometry":{"type":"LineString","coordinates":[[-117.84576,34.24019],[-117.88438,34.2218],[-117.92792,34.21812],[-117.99902,34.17766]]}},{"type":"Feature","properties":{"section_id":38,"section_name":"Clayton","state":"CA","secondary_state":"","dip_deg":90.0,"dip_dir":"Vertical","rake_deg":180.0,"upper_depth_km":0.0,"lower_depth_km":16.0},"geometry":{"type":"LineString","coordinates":[[-121.96186,37.97647],[-121.8848,37.91427],[-121.84729,37.86098]]}},{"type":"Feature","properties":{"section_id":39,"section_name":"Cleghorn","state":"CA","secondary_state":"","dip_deg":90.0,"dip_dir":"Vertical","rake_deg":0.0,"upper_depth_km":0.0,"lower_depth_km":15.5},"geometry":{"type":"LineString","coordinates":[[-117.47254,34.30754],[-117.38795,34.28579],[-117.3455,34.29428],[-117.31718,34.2773],[-117.25774,34.27447],[-117.20396,34.28296]]}},{"type":"Feature","properties":{"section_id":40,"section_name":"Cleghorn Lake","state":"CA","secondary_state":"","dip_deg":90.0,"dip_dir":"Vertical","rake_deg":180.0,"upper_depth_km":0.0,"lower_depth_km":13.0},"geometry":{"type":"LineString","coordinates":[[-115.7345,34.18407],[-115.7732,34.22187],[-115.82039,34.31538],[-115.84502,34.37413],[-115.87576,34.41086]]}},{"type":"Feature","properties":{"section_id":41,"section_name":"Cleghorn Pass","state":"CA","secondary_state":"","dip_deg":90.0,"dip_dir":"Vertical","rake_deg":180.0,"upper_depth_km":0.0,"lower_depth_km":13.0},"geometry":{"type":"LineString","coordinates":[[-115.85938,34.2534],[-115.90117,34.32668],[-115.95714,34.38185],[-115.96722,34.40879]]}},{"type":"Feature","properties":{"section_id":42,"section_name":"Collayomi","state":"CA","secondary_state":"","dip_deg":90.0,"dip_dir":"Vertical","rake_deg":180.0,"upper_depth_km":0.0,"lower_depth_km":10.0},"geometry":{"type":"LineString","coordinates":[[-122.84739,38.9408],[-122.79052,38.88987],[-122.70404,38.80373],[-122.61036,38.75366],[-122.56019,38.726]]}},{"type":"Feature","properties":{"section_id":43,"section_name":"Compton","state":"CA","secondary_state":"","dip_deg":20.0,"dip_dir":"N","rake_deg":90.0,"upper_depth_km":5.2,"lower_depth_km":15.6},"geometry":{"type":"LineString","coordinates":[[-118.06065,33.68127],[-118.13114,33.72571],[-118.17863,33.74266],[-118.22804,33.76037],[-118.26902,33.7821],[-118.31471,33.8006],[-118.35945,33.8183],[-118.43655,33.8459],[-118.5028,33.87267],[-118.54686,33.90058],[-118.5863,33.93407],[-118.60775,33.96618],[-118.62547,34.00072]]}},{"type":"Feature","properties":{"section_id":44,"section_name":"Concord","state":"CA","secondary_state":"","dip_deg":90.0,"dip_dir":"Vertical","rake_deg":180.0,"upper_depth_km":0.0,"lower_depth_km":15.0},"geometry":{"type":"LineString","coordinates":[[-122.089,38.04365],[-122.05575,37.9984],[-122.01334,37.94444],[-121.99009,37.89992]]}},{"type":"Feature","properties":{"section_id":55,"section_name":"Coronado Bank","state":"CA","secondary_state":"","dip_deg":90.0,"dip_dir":"Vertical","rake_deg":180.0,"upper_depth_km":0.0,"lower_depth_km":8.6},"geometry":{"type":"LineString","coordinates":[[-117.6257,33.00228],[-117.57043,32.9228],[-117.53117,32.88249],[-117.52,32.8655],[-117.4705,32.81587],[-117.433,32.7235],[-117.38846,32.67916],[-117.344,32.6238],[-117.315,32.594],[-117.298,32.5519],[-117.266,32.4949],[-117.194512,32.394258],[-117.12322,32.293547],[-117.052123,32.192765],[-116.981222,32.091913],[-116.910514,31.990992],[-116.84,31.89]]}},{"type":"Feature","properties":{"section_id":57,"section_name":"Coyote Canyon","state":"CA","secondary_state":"","dip_deg":90.0,"dip_dir":"Vertical","rake_deg":0.0,"upper_depth_km":0.0,"lower_depth_km":12.3},"geometry":{"type":"LineString","coordinates":[[-116.80693,35.33121],[-116.688714,35.321614],[-116.57053,35.31191],[-116.52303,35.32751],[-116.43774,35.32721],[-116.4066,35.34274]]}},{"type":"Feature","properties":{"section_id":58,"section_name":"Coyote Lake","state":"CA","secondary_state":"","dip_deg":90.0,"dip_dir":"Vertical","rake_deg":0.0,"upper_depth_km":0.0,"lower_depth_km":13.4},"geometry":{"type":"LineString","coordinates":[[-116.94055,35.04897],[-116.857248,35.09757],[-116.77383,35.14611],[-116.66813,35.15131],[-116.55254,35.14611],[-116.47954,35.15511],[-116.40537,35.1634]]}},{"type":"Feature","properties":{"section_id":59,"section_name":"Cucamonga","state":"CA","secondary_state":"","dip_deg":45.0,"dip_dir":"N","rake_deg":90.0,"upper_depth_km":0.0,"lower_depth_km":13.0},"geometry":{"type":"LineString","coordinates":[[-117.44146,34.18038],[-117.45407,34.17341],[-117.47722,34.16699],[-117.4954,34.16741],[-117.52048,34.16828],[-117.55824,34.17095],[-117.56877,34.17179],[-117.57733,34.16593],[-117.6331,34.16292],[-117.66266,34.14843],[-117.7414,34.12329]]}},{"type":"Feature","properties":{"section_id":60,"section_name":"Cuyama (south)","state":"CA","secondary_state":"","dip_deg":33.0,"dip_dir":"SW","rake_deg":90.0,"upper_depth_km":0.0,"lower_depth_km":13.9},"geometry":{"type":"LineString","coordinates":[[-120.3477,35.249],[-120.2316,35.1952],[-120.1743,35.1638],[-120.105,35.1174],[-120.03838,35.07394],[-119.98716,35.01747],[-119.90944,34.95958],[-119.86902,34.93922],[-119.8198,34.93345],[-119.7471,34.91805],[-119.68108,34.87984],[-119.59672,34.86194]]}},{"type":"Feature","properties":{"section_id":61,"section_name":"Davis Creek","state":"CA","secondary_state":"","dip_deg":50.0,"dip_dir":"W","rake_deg":-90.0,"upper_depth_km":0.0,"lower_depth_km":8.5},"geometry":{"type":"LineString","coordinates":[[-120.36141,41.8863],[-120.36531,41.78795],[-120.332747,41.705476],[-120.30027,41.62299]]}},{"type":"Feature","properties":{"section_id":62,"section_name":"Death Valley (Black Mountains)","state":"CA","secondary_state":"","dip_deg":60.0,"dip_dir":"W","rake_deg":-150.0,"upper_depth_km":0.0,"lower_depth_km":13.0},"geometry":{"type":"LineString","coordinates":[[-116.88108,36.53986],[-116.84797,36.42435],[-116.79481,36.35862],[-116.78998,36.3398],[-116.77017,36.30015],[-116.76933,36.26219],[-116.77375,36.26018],[-116.77499,36.25535],[-116.76413,36.23701],[-116.76526,36.23108],[-116.77171,36.2247],[-116.77261,36.2215],[-116.77114,36.21429],[-116.76074,36.18399],[-116.76436,36.14472],[-116.72456,36.09419],[-116.74252,36.06685],[-116.75307,36.06225],[-116.76216,36.05957],[-116.76462,36.05309],[-116.76254,36.04743],[-116.74891,36.02377],[-116.72304,35.99129],[-116.69038,35.89179]]}},{"type":"Feature","properties":{"section_id":63,"section_name":"Death Valley (Fish Lake Valley)","state":"CA","secondary_state":"NV","dip_deg":90.0,"dip_dir":"Vertical","rake_deg":180.0,"upper_depth_km":0.0,"lower_depth_km":13.0},"geometry":{"type":"LineString","coordinates":[[-117.66754,37.30194],[-117.69734,37.32084],[-117.76252,37.34746],[-117.80731,37.36744],[-117.885469,37.445413],[-117.96381,37.52333],[-118.03401,37.58902],[-118.05708,37.60012],[-118.07467,37.61347],[-118.09323,37.66143],[-118.097611,37.669196]]}},{"type":"Feature","properties":{"section_id":64,"section_name":"Death Valley (north)","state":"CA","secondary_state":"","dip_deg":90.0,"dip_dir":"Vertical","rake_deg":180.0,"upper_depth_km":0.0,"lower_depth_km":13.0},"geometry":{"type":"LineString","coordinates":[[-117.653,37.2941],[-117.595975,37.235225],[-117.53905,37.17632],[-117.50039,37.12219],[-117.39842,37.03182],[-117.32351,36.9574],[-117.2979,36.92502],[-117.22895,36.841439],[-117.16017,36.75781],[-117.08961,36.69773],[-116.985225,36.618842],[-116.88108,36.53986]]}},{"type":"Feature","properties":{"section_id":65,"section_name":"Death Valley (south)","state":"CA","secondary_state":"","dip_deg":90.0,"dip_dir":"Vertical","rake_deg":180.0,"upper_depth_km":0.0,"lower_depth_km":13.0},"geometry":{"type":"LineString","coordinates":[[-116.69038,35.89179],[-116.664,35.8748],[-116.62127,35.84145],[-116.541805,35.754317],[-116.46254,35.66712],[-116.44051,35.63214],[-116.399,35.6015]]}},{"type":"Feature","properties":{"section_id":66,"section_name":"Deep Springs","state":"CA","secondary_state":"","dip_deg":50.0,"dip_dir":"NW","rake_deg":-90.0,"upper_depth_km":0.0,"lower_depth_km":13.0},"geometry":{"type":"LineString","coordinates":[[-117.94248,37.43485],[-117.95623,37.39684],[-117.95899,37.38197],[-117.97384,37.36665],[-117.98705,37.34915],[-117.99695,37.3207],[-118.01456,37.28657],[-118.03271,37.25507],[-118.05967,37.23056]]}},{"type":"Feature","properties":{"section_id":67,"section_name":"Del Valle","state":"CA","secondary_state":"","dip_deg":73.0,"dip_dir":"S","rake_deg":90.0,"upper_depth_km":0.0,"lower_depth_km":18.8},"geometry":{"type":"LineString","coordinates":[[-118.75395,34.43016],[-118.6856,34.42777],[-118.66318,34.40944]]}},{"type":"Feature","properties":{"section_id":68,"section_name":"Dog Valley","state":"CA","secondary_state":"","dip_deg":90.0,"dip_dir":"Vertical","rake_deg":0.0,"upper_depth_km":0.0,"lower_depth_km":15.0},"geometry":{"type":"LineString","coordinates":[[-120.19202,39.40452],[-120.11253,39.46911],[-120.03312,39.56493]]}},{"type":"Feature","properties":{"section_id":69,"section_name":"Dry Mountain","state":"CA","secondary_state":"","dip_deg":50.0,"dip_dir":"NW","rake_deg":-90.0,"upper_depth_km":0.0,"lower_depth_km":13.0},"geometry":{"type":"LineString","coordinates":[[-117.60142,37.02661],[-117.61026,37.00915],[-117.61088,36.99294],[-117.64915,36.91648],[-117.6746,36.83409],[-117.74824,36.80303]]}},{"type":"Feature","properties":{"section_id":70,"section_name":"Earthquake Valley (center)","state":"CA","secondary_state":"","dip_deg":90.0,"dip_dir":"Vertical","rake_deg":180.0,"upper_depth_km":0.0,"lower_depth_km":18.8},"geometry":{"type":"LineString","coordinates":[[-116.58593,33.18055],[-116.565,33.1626],[-116.527,33.1369],[-116.497,33.1106],[-116.41229,33.07177]]}},{"type":"Feature","properties":{"section_id":71,"section_name":"Earthquake Valley (north)","state":"CA","secondary_state":"","dip_deg":90.0,"dip_dir":"Vertical","rake_deg":180.0,"upper_depth_km":0.0,"lower_depth_km":18.8},"geometry":{"type":"LineString","coordinates":[[-116.852,33.3756],[-116.797,33.327],[-116.697,33.2652],[-116.669,33.2371],[-116.612,33.2029],[-116.58593,33.18055]]}},{"type":"Feature","properties":{"section_id":72,"section_name":"Earthquake Valley (south)","state":"CA","secondary_state":"","dip_deg":90.0,"dip_dir":"Vertical","rake_deg":180.0,"upper_depth_km":0.0,"lower_depth_km":18.8},"geometry":{"type":"LineString","coordinates":[[-116.41229,33.07177],[-116.384,33.0588],[-116.321,33.0377]]}},{"type":"Feature","properties":{"section_id":73,"section_name":"East Huasna","state":"CA","secondary_state":"","dip_deg":90.0,"dip_dir":"Vertical","rake_deg":180.0,"upper_depth_km":0.0,"lower_depth_km":15.0},"geometry":{"type":"LineString","coordinates":[[-120.01097,34.78578],[-120.1018,34.83445],[-120.16278,34.93507],[-120.20579,34.98337],[-120.27206,35.0642],[-120.31805,35.13668],[-120.38921,35.25024],[-120.49199,35.30063]]}},{"type":"Feature","properties":{"section_id":74,"section_name":"Eaton Roughs","state":"CA","secondary_state":"","dip_deg":90.0,"dip_dir":"Vertical","rake_deg":180.0,"upper_depth_km":0.0,"lower_depth_km":15.0},"geometry":{"type":"LineString","coordinates":[[-123.30672,39.99881],[-123.31839,40.05565],[-123.36855,40.12674],[-123.41045,40.21308],[-123.48884,40.30714],[-123.55667,40.36494],[-123.58446,40.4185],[-123.68075,40.52052],[-123.71894,40.56957],[-123.774868,40.623327],[-123.83089,40.67706],[-123.8734,40.75386]]}},{"type":"Feature","properties":{"section_id":75,"section_name":"Elmore Ranch","state":"CA","secondary_state":"","dip_deg":90.0,"dip_dir":"Vertical","rake_deg":0.0,"upper_depth_km":0.0,"lower_depth_km":11.4},"geometry":{"type":"LineString","coordinates":[[-115.67702,33.27936],[-115.69121,33.22387],[-115.7054,33.17893],[-115.75888,33.12776],[-115.808,33.07381],[-115.85493,33.02258]]}},{"type":"Feature","properties":{"section_id":76,"section_name":"Elysian Park (lower)","state":"CA","secondary_state":"","dip_deg":22.0,"dip_dir":"N","rake_deg":90.0,"upper_depth_km":10.0,"lower_depth_km":14.7},"geometry":{"type":"LineString","coordinates":[[-117.9493,33.85329],[-118.037553,33.91116],[-118.12595,33.96896],[-118.22586,34.011837],[-118.32589,34.05463]]}},{"type":"Feature","properties":{"section_id":77,"section_name":"Elysian Park (upper)","state":"CA","secondary_state":"","dip_deg":50.0,"dip_dir":"N","rake_deg":90.0,"upper_depth_km":3.0,"lower_depth_km":15.0},"geometry":{"type":"LineString","coordinates":[[-118.10025,34.06867],[-118.13036,34.06122],[-118.23476,34.06746],[-118.29677,34.11258]]}},{"type":"Feature","properties":{"section_id":78,"section_name":"Emerson - Copper Mountain","state":"CA","secondary_state":"","dip_deg":90.0,"dip_dir":"Vertical","rake_deg":180.0,"upper_depth_km":0.0,"lower_depth_km":14.1},"geometry":{"type":"LineString","coordinates":[[-116.17928,34.15781],[-116.20527,34.1718],[-116.2421,34.21129],[-116.26675,34.23795],[-116.28379,34.25329],[-116.30418,34.30812],[-116.31681,34.33355],[-116.35028,34.3728],[-116.37919,34.40653],[-116.41784,34.43763],[-116.43914,34.45042],[-116.47881,34.4713],[-116.49483,34.4864],[-116.52253,34.50872],[-116.53987,34.52941],[-116.57395,34.56855],[-116.65136,34.61485],[-116.674,34.6475]]}},{"type":"Feature","properties":{"section_id":79,"section_name":"Eureka Peak","state":"CA","secondary_state":"","dip_deg":90.0,"dip_dir":"Vertical","rake_deg":180.0,"upper_depth_km":0.0,"lower_depth_km":15.0},"geometry":{"type":"LineString","coordinates":[[-116.3421,33.96074],[-116.34317,33.99466],[-116.3465,34.00991],[-116.35315,34.02392],[-116.35514,34.04454],[-116.39458,34.12245]]}},{"type":"Feature","properties":{"section_id":80,"section_name":"Fickle Hill","state":"CA","secondary_state":"","dip_deg":35.0,"dip_dir":"NE","rake_deg":90.0,"upper_depth_km":0.0,"lower_depth_km":13.0},"geometry":{"type":"LineString","coordinates":[[-123.96462,40.74394],[-123.98963,40.78458],[-124.04704,40.85789],[-124.11544,40.918288],[-124.18397,40.97865]]}},{"type":"Feature","properties":{"section_id":81,"section_name":"Fish Slough","state":"CA","secondary_state":"","dip_deg":60.0,"dip_dir":"W","rake_deg":-90.0,"upper_depth_km":0.0,"lower_depth_km":16.0},"geometry":{"type":"LineString","coordinates":[[-118.39229,37.58187],[-118.39709,37.47404],[-118.40469,37.42886],[-118.37722,37.36264],[-118.39971,37.3248]]}},{"type":"Feature","properties":{"section_id":82,"section_name":"Fitzhugh Creek","state":"CA","secondary_state":"","dip_deg":50.0,"dip_dir":"W","rake_deg":-90.0,"upper_depth_km":0.0,"lower_depth_km":8.5},"geometry":{"type":"LineString","coordinates":[[-120.39623,41.64475],[-120.38709,41.57812],[-120.43788,41.49361],[-120.44423,41.42228],[-120.4351,41.33447],[-120.446,41.24267]]}},{"type":"Feature","properties":{"section_id":83,"section_name":"Fontana (seismicity)","state":"CA","secondary_state":"","dip_deg":80.0,"dip_dir":"N","rake_deg":0.0,"upper_depth_km":0.0,"lower_depth_km":16.3},"geometry":{"type":"LineString","coordinates":[[-117.40898,34.14469],[-117.4533,34.10483],[-117.48656,34.07492],[-117.52418,34.04098],[-117.58456,33.98648]]}},{"type":"Feature","properties":{"section_id":84,"section_name":"Franklin","state":"CA","secondary_state":"","dip_deg":90.0,"dip_dir":"Vertical","rake_deg":180.0,"upper_depth_km":0.0,"lower_depth_km":13.2},"geometry":{"type":"LineString","coordinates":[[-122.04135,37.84828],[-122.06041,37.86597],[-122.07527,37.90811],[-122.08197,37.91537],[-122.09139,37.92165],[-122.10312,37.93784],[-122.11861,37.95072],[-122.1584,37.96904],[-122.16845,37.97878],[-122.19462,38.01096],[-122.19902,38.02168],[-122.24006,38.05713],[-122.24383,38.06356],[-122.24613,38.07626],[-122.25513,38.08796],[-122.26665,38.09916],[-122.27921,38.11564],[-122.28298,38.12453]]}},{"type":"Feature","properties":{"section_id":85,"section_name":"Garberville - Briceland","state":"CA","secondary_state":"","dip_deg":90.0,"dip_dir":"Vertical","rake_deg":180.0,"upper_depth_km":0.0,"lower_depth_km":24.8},"geometry":{"type":"LineString","coordinates":[[-123.63528,39.98846],[-123.76128,40.06264],[-123.85564,40.08679],[-123.95011,40.15637],[-124.04452,40.25189],[-124.06922,40.29361],[-124.12122,40.36002]]}},{"type":"Feature","properties":{"section_id":86,"section_name":"Garlic Springs","state":"CA","secondary_state":"","dip_deg":90.0,"dip_dir":"Vertical","rake_deg":180.0,"upper_depth_km":0.0,"lower_depth_km":12.7},"geometry":{"type":"LineString","coordinates":[[-116.69123,35.25751],[-116.63683,35.22631],[-116.57563,35.17931]]}},{"type":"Feature","properties":{"section_id":87,"section_name":"Gillem - Big Crack","state":"CA","secondary_state":"","dip_deg":60.0,"dip_dir":"E","rake_deg":-90.0,"upper_depth_km":0.0,"lower_depth_km":9.7},"geometry":{"type":"LineString","coordinates":[[-121.59885,41.66038],[-121.56401,41.72962],[-121.56709,41.77859],[-121.55749,41.86925],[-121.56868,41.97464]]}},{"type":"Feature","properties":{"section_id":88,"section_name":"Goldstone Lake","state":"CA","secondary_state":"","dip_deg":90.0,"dip_dir":"Vertical","rake_deg":180.0,"upper_depth_km":0.0,"lower_depth_km":12.4},"geometry":{"type":"LineString","coordinates":[[-116.73919,35.22503],[-116.75886,35.23994],[-116.77161,35.25658],[-116.79599,35.31392],[-116.81729,35.33188],[-116.83377,35.36295],[-116.83531,35.39488],[-116.86464,35.41766],[-116.89722,35.42644],[-116.91536,35.44744],[-116.94742,35.46714]]}},{"type":"Feature","properties":{"section_id":89,"section_name":"Gravel Hills - Harper Lake","state":"CA","secondary_state":"","dip_deg":90.0,"dip_dir":"Vertical","rake_deg":180.0,"upper_depth_km":0.0,"lower_depth_km":11.4},"geometry":{"type":"LineString","coordinates":[[-116.91851,34.87243],[-116.96001,34.88799],[-117.01707,34.94894],[-117.123614,35.024258],[-117.230387,35.099475],[-117.33739,35.17459],[-117.4541,35.25629]]}},{"type":"Feature","properties":{"section_id":90,"section_name":"Great Valley 1","state":"CA","secondary_state":"","dip_deg":15.0,"dip_dir":"W","rake_deg":90.0,"upper_depth_km":7.0,"lower_depth_km":9.6},"geometry":{"type":"LineString","coordinates":[[-122.29969,39.67855],[-122.294951,39.580357],[-122.290227,39.482153],[-122.285516,39.383938],[-122.28082,39.28571]]}},{"type":"Feature","properties":{"section_id":91,"section_name":"Great Valley 10 (Panoche)","state":"CA","secondary_state":"","dip_deg":15.0,"dip_dir":"W","rake_deg":90.0,"upper_depth_km":7.0,"lower_depth_km":9.6},"geometry":{"type":"LineString","coordinates":[[-120.7585,36.79945],[-120.701749,36.713734],[-120.64514,36.62798]]}},{"type":"Feature","properties":{"section_id":92,"section_name":"Great Valley 11","state":"CA","secondary_state":"","dip_deg":15.0,"dip_dir":"W","rake_deg":90.0,"upper_depth_km":7.0,"lower_depth_km":9.6},"geometry":{"type":"LineString","coordinates":[[-120.65305,36.64091],[-120.550235,36.568035],[-120.44764,36.49507]]}},{"type":"Feature","properties":{"section_id":93,"section_name":"Great Valley 12","state":"CA","secondary_state":"","dip_deg":15.0,"dip_dir":"W","rake_deg":90.0,"upper_depth_km":7.0,"lower_depth_km":9.6},"geometry":{"type":"LineString","coordinates":[[-120.43829,36.47943],[-120.39367,36.409637],[-120.34914,36.33982]]}},{"type":"Feature","properties":{"section_id":94,"section_name":"Great Valley 13 (Coalinga)","state":"CA","secondary_state":"","dip_deg":15.0,"dip_dir":"W","rake_deg":90.0,"upper_depth_km":9.1,"lower_depth_km":15.2},"geometry":{"type":"LineString","coordinates":[[-120.358,36.3547],[-120.254,36.2671],[-120.18394,36.208522],[-120.114,36.1499]]}},{"type":"Feature","properties":{"section_id":95,"section_name":"Great Valley 14 (Kettleman Hills)","state":"CA","secondary_state":"","dip_deg":22.0,"dip_dir":"W","rake_deg":90.0,"upper_depth_km":8.1,"lower_depth_km":22.5},"geometry":{"type":"LineString","coordinates":[[-120.139,36.1316],[-120.068,36.0909],[-119.973,36.0366],[-119.921,36.0068]]}},{"type":"Feature","properties":{"section_id":96,"section_name":"Great Valley 2","state":"CA","secondary_state":"","dip_deg":15.0,"dip_dir":"W","rake_deg":90.0,"upper_depth_km":7.0,"lower_depth_km":9.6},"geometry":{"type":"LineString","coordinates":[[-122.28084,39.28581],[-122.286524,39.187446],[-122.29219,39.08907]]}},{"type":"Feature","properties":{"section_id":97,"section_name":"Great Valley 3 (Mysterious Ridge)","state":"CA","secondary_state":"","dip_deg":20.0,"dip_dir":"W","rake_deg":90.0,"upper_depth_km":9.0,"lower_depth_km":14.0},"geometry":{"type":"LineString","coordinates":[[-122.27771,39.11694],[-122.220093,39.010294],[-122.162663,38.903609],[-122.105419,38.796884],[-122.04836,38.69012]]}},{"type":"Feature","properties":{"section_id":98,"section_name":"Great Valley 3a (Dunnigan Hills)","state":"CA","secondary_state":"","dip_deg":20.0,"dip_dir":"W","rake_deg":90.0,"upper_depth_km":3.0,"lower_depth_km":6.0},"geometry":{"type":"LineString","coordinates":[[-122.03364,38.83175],[-121.970558,38.772052],[-121.90759,38.71232],[-121.87792,38.62386]]}},{"type":"Feature","properties":{"section_id":99,"section_name":"Great Valley 4a (Trout Creek)","state":"CA","secondary_state":"","dip_deg":20.0,"dip_dir":"W","rake_deg":90.0,"upper_depth_km":9.0,"lower_depth_km":14.0},"geometry":{"type":"LineString","coordinates":[[-122.09213,38.68803],[-122.04551,38.609817],[-121.999,38.53158]]}},{"type":"Feature","properties":{"section_id":100,"section_name":"Great Valley 4b (Gordon Valley)","state":"CA","secondary_state":"","dip_deg":20.0,"dip_dir":"W","rake_deg":90.0,"upper_depth_km":9.0,"lower_depth_km":14.0},"geometry":{"type":"LineString","coordinates":[[-122.04737,38.52846],[-122.0294,38.43972],[-121.987802,38.363221],[-121.9463,38.2867]]}},{"type":"Feature","properties":{"section_id":101,"section_name":"Great Valley 5 (Pittsburg - Kirby Hills)","state":"CA","secondary_state":"","dip_deg":55.0,"dip_dir":"W","rake_deg":90.0,"upper_depth_km":0.0,"lower_depth_km":10.8},"geometry":{"type":"LineString","coordinates":[[-121.93148,38.28078],[-121.909527,38.182054],[-121.88764,38.08331],[-121.9046,38.03651]]}},{"type":"Feature","properties":{"section_id":103,"section_name":"Great Valley 6 (Midland)","state":"CA","secondary_state":"","dip_deg":47.0,"dip_dir":"W","rake_deg":90.0,"upper_depth_km":1.0,"lower_depth_km":15.0},"geometry":{"type":"LineString","coordinates":[[-121.82013,38.42867],[-121.780586,38.371213],[-121.74111,38.31374],[-121.70884,38.2545],[-121.65735,38.16717],[-121.63433,38.08289],[-121.61717,37.99822],[-121.62939,37.90707],[-121.64807,37.8457]]}},{"type":"Feature","properties":{"section_id":105,"section_name":"Great Valley 7 (Orestimba)","state":"CA","secondary_state":"","dip_deg":20.0,"dip_dir":"W","rake_deg":90.0,"upper_depth_km":7.0,"lower_depth_km":9.6},"geometry":{"type":"LineString","coordinates":[[-121.52409,37.73443],[-121.428956,37.642907],[-121.33408,37.551302],[-121.239463,37.459616],[-121.145103,37.367848],[-121.051,37.276]]}},{"type":"Feature","properties":{"section_id":106,"section_name":"Great Valley 8 (Quinto)","state":"CA","secondary_state":"","dip_deg":25.0,"dip_dir":"W","rake_deg":90.0,"upper_depth_km":0.0,"lower_depth_km":6.0},"geometry":{"type":"LineString","coordinates":[[-121.095,37.245],[-121.042135,37.168676],[-120.98939,37.09232]]}},{"type":"Feature","properties":{"section_id":107,"section_name":"Great Valley 9 (Laguna Seca)","state":"CA","secondary_state":"","dip_deg":25.0,"dip_dir":"W","rake_deg":90.0,"upper_depth_km":7.0,"lower_depth_km":9.6},"geometry":{"type":"LineString","coordinates":[[-120.98671,37.10314],[-120.907204,37.004925],[-120.827927,36.906645],[-120.74888,36.8083]]}},{"type":"Feature","properties":{"section_id":108,"section_name":"Green Valley","state":"CA","secondary_state":"","dip_deg":84.0,"dip_dir":"E","rake_deg":180.0,"upper_depth_km":0.0,"lower_depth_km":14.0},"geometry":{"type":"LineString","coordinates":[[-122.089,38.04365],[-122.11043,38.10879],[-122.13282,38.15394],[-122.16127,38.23303],[-122.192163,38.324225],[-122.22314,38.4154]]}},{"type":"Feature","properties":{"section_id":109,"section_name":"Greenville (north)","state":"CA","secondary_state":"","dip_deg":84.0,"dip_dir":"E","rake_deg":180.0,"upper_depth_km":0.0,"lower_depth_km":14.9},"geometry":{"type":"LineString","coordinates":[[-121.54175,37.50736],[-121.61777,37.62192],[-121.6632,37.67132],[-121.718277,37.729709],[-121.77345,37.78807],[-121.80174,37.82729],[-121.87529,37.8715]]}},{"type":"Feature","properties":{"section_id":110,"section_name":"Greenville (south)","state":"CA","secondary_state":"","dip_deg":87.0,"dip_dir":"E","rake_deg":180.0,"upper_depth_km":0.0,"lower_depth_km":10.6},"geometry":{"type":"LineString","coordinates":[[-121.46941,37.2544],[-121.47493,37.30207],[-121.50159,37.38182],[-121.51915,37.46308],[-121.54175,37.50736]]}},{"type":"Feature","properties":{"section_id":111,"section_name":"Hartley Springs","state":"CA","secondary_state":"","dip_deg":50.0,"dip_dir":"E","rake_deg":-90.0,"upper_depth_km":0.0,"lower_depth_km":14.0},"geometry":{"type":"LineString","coordinates":[[-119.00346,37.64553],[-119.00763,37.69547],[-119.03345,37.7628],[-119.08223,37.83408]]}},{"type":"Feature","properties":{"section_id":112,"section_name":"Hat Creek","state":"CA","secondary_state":"","dip_deg":60.0,"dip_dir":"W","rake_deg":-90.0,"upper_depth_km":0.0,"lower_depth_km":9.6},"geometry":{"type":"LineString","coordinates":[[-121.46412,41.0119],[-121.44672,40.96784],[-121.45558,40.93492],[-121.43792,40.88303],[-121.44168,40.85344],[-121.42284,40.81164],[-121.41196,40.76056],[-121.41078,40.71145],[-121.39547,40.65577],[-121.29264,40.56664]]}},{"type":"Feature","properties":{"section_id":113,"section_name":"Hector Mine","state":"CA","secondary_state":"","dip_deg":90.0,"dip_dir":"Vertical","rake_deg":180.0,"upper_depth_km":0.0,"lower_depth_km":14.6},"geometry":{"type":"LineString","coordinates":[[-116.37674,34.71515],[-116.35644,34.65956],[-116.31316,34.60437],[-116.26863,34.56044],[-116.25713,34.49116]]}},{"type":"Feature","properties":{"section_id":114,"section_name":"Helendale - Lockhart (south)","state":"CA","secondary_state":"","dip_deg":90.0,"dip_dir":"Vertical","rake_deg":180.0,"upper_depth_km":0.0,"lower_depth_km":12.8},"geometry":{"type":"LineString","coordinates":[[-116.815,34.3248],[-116.857,34.3757],[-116.945,34.441],[-117.004459,34.490217],[-117.064,34.5394],[-117.106,34.6038],[-117.216856,34.695358],[-117.328,34.7868],[-117.372959,34.851213],[-117.418,34.9156],[-117.457464,34.979211],[-117.497,35.0428],[-117.597,35.1087]]}},{"type":"Feature","properties":{"section_id":115,"section_name":"Hilton Creek","state":"CA","secondary_state":"","dip_deg":50.0,"dip_dir":"E","rake_deg":-90.0,"upper_depth_km":0.0,"lower_depth_km":14.8},"geometry":{"type":"LineString","coordinates":[[-118.763,37.50661],[-118.80758,37.60673],[-118.8874,37.67064],[-118.94945,37.73181]]}},{"type":"Feature","properties":{"section_id":116,"section_name":"Hollywood","state":"CA","secondary_state":"","dip_deg":70.0,"dip_dir":"N","rake_deg":30.0,"upper_depth_km":0.0,"lower_depth_km":17.3},"geometry":{"type":"LineString","coordinates":[[-118.223,34.1217],[-118.31696,34.1104],[-118.37228,34.09908],[-118.42069,34.0786]]}},{"type":"Feature","properties":{"section_id":117,"section_name":"Holser","state":"CA","secondary_state":"","dip_deg":58.0,"dip_dir":"S","rake_deg":90.0,"upper_depth_km":0.0,"lower_depth_km":18.6},"geometry":{"type":"LineString","coordinates":[[-118.75333,34.43862],[-118.73447,34.43862],[-118.6741,34.44993],[-118.64267,34.44868],[-118.51295,34.40599]]}},{"type":"Feature","properties":{"section_id":118,"section_name":"Holser - San Gabriel (connector)","state":"CA","secondary_state":"","dip_deg":58.0,"dip_dir":"S","rake_deg":90.0,"upper_depth_km":0.0,"lower_depth_km":18.5},"geometry":{"type":"LineString","coordinates":[[-118.62853,34.44414],[-118.56821,34.43439]]}},{"type":"Feature","properties":{"section_id":119,"section_name":"Homestead Valley","state":"CA","secondary_state":"","dip_deg":90.0,"dip_dir":"Vertical","rake_deg":180.0,"upper_depth_km":0.0,"lower_depth_km":15.9},"geometry":{"type":"LineString","coordinates":[[-116.3136,34.1598],[-116.3275,34.1854],[-116.3348,34.2109],[-116.3654,34.2367],[-116.4008,34.2866],[-116.4089,34.3108],[-116.4263,34.3213],[-116.4508,34.36412],[-116.495,34.4418],[-116.52738,34.48985],[-116.53729,34.52057]]}},{"type":"Feature","properties":{"section_id":120,"section_name":"Honey Lake","state":"CA","secondary_state":"NV","dip_deg":90.0,"dip_dir":"Vertical","rake_deg":180.0,"upper_depth_km":0.0,"lower_depth_km":9.7},"geometry":{"type":"LineString","coordinates":[[-120.682,40.41313],[-120.59848,40.35051],[-120.47404,40.30939],[-120.386875,40.253954],[-120.29986,40.19846],[-120.25867,40.15757],[-120.137,40.06608],[-120.06518,40.00609],[-120.00813,39.97351],[-119.95362,39.95992],[-119.925,39.94795],[-119.90479,39.93354],[-119.86941,39.89697],[-119.73503,39.81452],[-119.70575,39.79208]]}},{"type":"Feature","properties":{"section_id":121,"section_name":"Hosgri","state":"CA","secondary_state":"","dip_deg":80.0,"dip_dir":"E","rake_deg":180.0,"upper_depth_km":0.0,"lower_depth_km":12.2},"geometry":{"type":"LineString","coordinates":[[-120.746,34.8548],[-120.766,34.8931],[-120.795,34.934],[-120.805,34.9754],[-120.834,35.0469],[-120.866,35.1085],[-120.879,35.1429],[-120.91703,35.20629],[-120.97277,35.31748],[-121.002,35.3547],[-121.046,35.4214],[-121.064,35.4542],[-121.091,35.502],[-121.158,35.6027],[-121.194,35.6523],[-121.241,35.7005],[-121.286,35.7437],[-121.319,35.7685],[-121.365,35.7917],[-121.418,35.8356],[-121.453,35.8623],[-121.494,35.8946],[-121.517,35.9287],[-121.561,35.968],[-121.643893,36.057134],[-121.727,36.1462]]}},{"type":"Feature","properties":{"section_id":122,"section_name":"Hosgri (extension)","state":"CA","secondary_state":"","dip_deg":80.0,"dip_dir":"E","rake_deg":180.0,"upper_depth_km":0.0,"lower_depth_km":7.5},"geometry":{"type":"LineString","coordinates":[[-120.68647,34.60456],[-120.68738,34.66301],[-120.69104,34.70746],[-120.73208,34.79531],[-120.746,34.8548]]}},{"type":"Feature","properties":{"section_id":123,"section_name":"Hunter Mountain - Saline Valley","state":"CA","secondary_state":"","dip_deg":90.0,"dip_dir":"Vertical","rake_deg":-150.0,"upper_depth_km":0.0,"lower_depth_km":12.4},"geometry":{"type":"LineString","coordinates":[[-117.3955,36.4467],[-117.43249,36.47526],[-117.54011,36.52326],[-117.62083,36.56991],[-117.68136,36.61723],[-117.82177,36.6605],[-117.84952,36.70512],[-117.87558,36.75447],[-117.913792,36.839327],[-117.9521,36.92416]]}},{"type":"Feature","properties":{"section_id":124,"section_name":"Hunting Creek - Bartlett Springs (connector)","state":"CA","secondary_state":"","dip_deg":90.0,"dip_dir":"Vertical","rake_deg":180.0,"upper_depth_km":0.0,"lower_depth_km":12.0},"geometry":{"type":"LineString","coordinates":[[-122.36415,38.68143],[-122.38694,38.78288],[-122.38422,38.83594],[-122.4062,38.88398],[-122.45538,38.94115],[-122.49994,38.99726]]}},{"type":"Feature","properties":{"section_id":125,"section_name":"Hunting Creek - Berryessa","state":"CA","secondary_state":"","dip_deg":90.0,"dip_dir":"Vertical","rake_deg":180.0,"upper_depth_km":0.0,"lower_depth_km":10.6},"geometry":{"type":"LineString","coordinates":[[-122.22314,38.4154],[-122.2501,38.46641],[-122.24012,38.55527],[-122.29863,38.62339],[-122.3441,38.65787],[-122.44815,38.75121]]}},{"type":"Feature","properties":{"section_id":126,"section_name":"Imperial","state":"CA","secondary_state":"","dip_deg":82.0,"dip_dir":"E","rake_deg":180.0,"upper_depth_km":0.0,"lower_depth_km":11.0},"geometry":{"type":"LineString","coordinates":[[-115.169,32.47],[-115.251394,32.561585],[-115.333995,32.653092],[-115.416803,32.74452],[-115.49982,32.83587],[-115.53586,32.88044],[-115.55254,32.92551]]}},{"type":"Feature","properties":{"section_id":127,"section_name":"Independence","state":"CA","secondary_state":"","dip_deg":50.0,"dip_dir":"E","rake_deg":-90.0,"upper_depth_km":0.0,"lower_depth_km":14.6},"geometry":{"type":"LineString","coordinates":[[-118.092,36.5015],[-118.168,36.5586],[-118.224,36.6239],[-118.234,36.6634],[-118.302,36.7735],[-118.32,36.8287],[-118.304,36.8802],[-118.33651,36.97624],[-118.34528,37.00376],[-118.36655,37.03629],[-118.40533,37.07131],[-118.40408,37.09883]]}},{"type":"Feature","properties":{"section_id":128,"section_name":"Jess Valley","state":"CA","secondary_state":"","dip_deg":50.0,"dip_dir":"E","rake_deg":-90.0,"upper_depth_km":0.0,"lower_depth_km":12.0},"geometry":{"type":"LineString","coordinates":[[-120.25334,41.04585],[-120.27677,41.112099],[-120.30025,41.17834],[-120.33973,41.22717],[-120.31213,41.28048],[-120.33248,41.30531],[-120.31496,41.35832]]}},{"type":"Feature","properties":{"section_id":129,"section_name":"Johnson Valley (north)","state":"CA","secondary_state":"","dip_deg":90.0,"dip_dir":"Vertical","rake_deg":180.0,"upper_depth_km":0.0,"lower_depth_km":15.9},"geometry":{"type":"LineString","coordinates":[[-116.421,34.1682],[-116.437,34.1967],[-116.441,34.2736],[-116.4539,34.30817],[-116.4582,34.3132],[-116.48162,34.34338],[-116.50692,34.37537],[-116.55389,34.4105],[-116.58453,34.43033],[-116.63191,34.47537],[-116.65424,34.49249],[-116.6948,34.54475],[-116.69808,34.55601]]}},{"type":"Feature","properties":{"section_id":130,"section_name":"Joshua Tree (seismicity)","state":"CA","secondary_state":"","dip_deg":90.0,"dip_dir":"Vertical","rake_deg":180.0,"upper_depth_km":0.0,"lower_depth_km":13.3},"geometry":{"type":"LineString","coordinates":[[-116.29725,34.08452],[-116.31815,34.02492],[-116.31995,33.98682],[-116.30025,33.93231]]}},{"type":"Feature","properties":{"section_id":131,"section_name":"Keddie Ridge","state":"CA","secondary_state":"","dip_deg":90.0,"dip_dir":"Vertical","rake_deg":-135.0,"upper_depth_km":0.0,"lower_depth_km":10.0},"geometry":{"type":"LineString","coordinates":[[-121.10734,40.27137],[-121.03523,40.22474],[-120.90872,40.16722],[-120.84669,40.09097]]}},{"type":"Feature","properties":{"section_id":132,"section_name":"Kern Canyon (Lake Isabella)","state":"CA","secondary_state":"","dip_deg":60.0,"dip_dir":"E","rake_deg":-90.0,"upper_depth_km":0.0,"lower_depth_km":14.6},"geometry":{"type":"LineString","coordinates":[[-118.5315,35.462],[-118.5316,35.4828],[-118.5008,35.5873],[-118.466484,35.65661],[-118.4321,35.7259],[-118.4201,35.7654]]}},{"type":"Feature","properties":{"section_id":133,"section_name":"Kern Canyon (north)","state":"CA","secondary_state":"","dip_deg":60.0,"dip_dir":"E","rake_deg":-90.0,"upper_depth_km":0.0,"lower_depth_km":14.6},"geometry":{"type":"LineString","coordinates":[[-118.4255,36.1915],[-118.4119,36.2809],[-118.413948,36.360806],[-118.416,36.4407],[-118.409,36.5471],[-118.427,36.658]]}},{"type":"Feature","properties":{"section_id":134,"section_name":"Kern Canyon (south)","state":"CA","secondary_state":"","dip_deg":60.0,"dip_dir":"E","rake_deg":-90.0,"upper_depth_km":0.0,"lower_depth_km":14.6},"geometry":{"type":"LineString","coordinates":[[-118.4019,35.7667],[-118.426177,35.832757],[-118.4505,35.8988],[-118.4615,35.9641],[-118.450463,36.047507],[-118.4394,36.1309],[-118.4255,36.1915]]}},{"type":"Feature","properties":{"section_id":135,"section_name":"Kickapoo","state":"CA","secondary_state":"","dip_deg":90.0,"dip_dir":"Vertical","rake_deg":180.0,"upper_depth_km":0.0,"lower_depth_km":15.1},"geometry":{"type":"LineString","coordinates":[[-116.4539,34.30817],[-116.4508,34.36412]]}},{"type":"Feature","properties":{"section_id":136,"section_name":"King Range","state":"CA","secondary_state":"","dip_deg":29.0,"dip_dir":"N","rake_deg":90.0,"upper_depth_km":0.0,"lower_depth_km":6.5},"geometry":{"type":"LineString","coordinates":[[-123.98954,40.01043],[-124.032899,40.078679],[-124.07635,40.14691],[-124.171648,40.182363],[-124.26705,40.21775],[-124.34661,40.24023]]}},{"type":"Feature","properties":{"section_id":137,"section_name":"La Panza","state":"CA","secondary_state":"","dip_deg":51.0,"dip_dir":"NE","rake_deg":135.0,"upper_depth_km":0.0,"lower_depth_km":13.9},"geometry":{"type":"LineString","coordinates":[[-119.95092,35.06102],[-120.07321,35.13816],[-120.13927,35.1943],[-120.1879,35.23274],[-120.24909,35.26057],[-120.32161,35.32461],[-120.39464,35.37101],[-120.43647,35.40467],[-120.50408,35.51085]]}},{"type":"Feature","properties":{"section_id":138,"section_name":"Laguna Salada","state":"CA","secondary_state":"","dip_deg":90.0,"dip_dir":"Vertical","rake_deg":180.0,"upper_depth_km":0.0,"lower_depth_km":13.3},"geometry":{"type":"LineString","coordinates":[[-115.8811,32.72744],[-115.83811,32.66314],[-115.80611,32.59223],[-115.71811,32.54523],[-115.611194,32.45981],[-115.504528,32.374276],[-115.39811,32.28863],[-115.32511,32.26333],[-115.28511,32.24353],[-115.24211,32.22233],[-115.19811,32.20173],[-115.09712,32.16112]]}},{"type":"Feature","properties":{"section_id":139,"section_name":"Lake Isabella (seismicity)","state":"CA","secondary_state":"","dip_deg":90.0,"dip_dir":"Vertical","rake_deg":0.0,"upper_depth_km":0.0,"lower_depth_km":15.2},"geometry":{"type":"LineString","coordinates":[[-118.44425,35.47509],[-118.411851,35.577043],[-118.379356,35.678965],[-118.346766,35.780857],[-118.31408,35.88272],[-118.31308,35.96672],[-118.33558,36.00002]]}},{"type":"Feature","properties":{"section_id":140,"section_name":"Las Positas","state":"CA","secondary_state":"","dip_deg":90.0,"dip_dir":"S","rake_deg":45.0,"upper_depth_km":0.0,"lower_depth_km":15.0},"geometry":{"type":"LineString","coordinates":[[-121.81327,37.60758],[-121.68396,37.69065]]}},{"type":"Feature","properties":{"section_id":141,"section_name":"Last Chance","state":"CA","secondary_state":"","dip_deg":50.0,"dip_dir":"E","rake_deg":-90.0,"upper_depth_km":0.0,"lower_depth_km":15.0},"geometry":{"type":"LineString","coordinates":[[-120.0097,39.6],[-120.042506,39.677702],[-120.07539,39.75539],[-120.069291,39.818952],[-120.06318,39.88251],[-120.02241,39.93181]]}},{"type":"Feature","properties":{"section_id":142,"section_name":"Lenwood - Lockhart - Old Woman Springs","state":"CA","secondary_state":"","dip_deg":90.0,"dip_dir":"Vertical","rake_deg":180.0,"upper_depth_km":0.0,"lower_depth_km":13.2},"geometry":{"type":"LineString","coordinates":[[-116.643,34.3498],[-116.696,34.4631],[-116.767,34.5527],[-116.842,34.6451],[-116.926,34.7504],[-117.005432,34.810979],[-117.085,34.8715],[-117.166452,34.912578],[-117.248,34.9536],[-117.360921,35.003003],[-117.474,35.0523],[-117.57451,35.106786],[-117.675177,35.161186],[-117.776,35.2155]]}},{"type":"Feature","properties":{"section_id":143,"section_name":"Likely","state":"CA","secondary_state":"","dip_deg":90.0,"dip_dir":"Vertical","rake_deg":180.0,"upper_depth_km":0.0,"lower_depth_km":9.4},"geometry":{"type":"LineString","coordinates":[[-120.2451,40.891],[-120.36126,40.983],[-120.42656,41.0619],[-120.49539,41.11566],[-120.54455,41.16851],[-120.59658,41.21307],[-120.63558,41.25979],[-120.72691,41.33144],[-120.82899,41.39655],[-120.91378,41.46082],[-120.96333,41.50169]]}},{"type":"Feature","properties":{"section_id":144,"section_name":"Lions Head","state":"CA","secondary_state":"","dip_deg":75.0,"dip_dir":"N","rake_deg":90.0,"upper_depth_km":0.0,"lower_depth_km":12.0},"geometry":{"type":"LineString","coordinates":[[-120.10267,34.64919],[-120.17155,34.66889],[-120.22042,34.69663],[-120.30271,34.70561],[-120.43299,34.72727],[-120.50238,34.787753],[-120.57189,34.84819],[-120.6313,34.87339],[-120.72587,34.88867]]}},{"type":"Feature","properties":{"section_id":145,"section_name":"Little Lake","state":"CA","secondary_state":"","dip_deg":90.0,"dip_dir":"Vertical","rake_deg":180.0,"upper_depth_km":0.0,"lower_depth_km":13.0},"geometry":{"type":"LineString","coordinates":[[-117.64749,35.60516],[-117.72816,35.708246],[-117.80907,35.81126],[-117.88341,35.90688],[-117.91253,35.93426]]}},{"type":"Feature","properties":{"section_id":146,"section_name":"Little Salmon (offshore)","state":"CA","secondary_state":"","dip_deg":30.0,"dip_dir":"NE","rake_deg":90.0,"upper_depth_km":0.0,"lower_depth_km":13.0},"geometry":{"type":"LineString","coordinates":[[-124.231,40.764],[-124.352,40.796],[-124.413425,40.868516],[-124.47499,40.941],[-124.557949,40.972525],[-124.64099,41.004]]}},{"type":"Feature","properties":{"section_id":147,"section_name":"Little Salmon (onshore)","state":"CA","secondary_state":"","dip_deg":30.0,"dip_dir":"NE","rake_deg":90.0,"upper_depth_km":0.0,"lower_depth_km":13.0},"geometry":{"type":"LineString","coordinates":[[-123.99,40.534],[-124.10399,40.584],[-124.178,40.646],[-124.231,40.764]]}},{"type":"Feature","properties":{"section_id":148,"section_name":"Los Alamos","state":"CA","secondary_state":"","dip_deg":30.0,"dip_dir":"S","rake_deg":90.0,"upper_depth_km":0.0,"lower_depth_km":12.0},"geometry":{"type":"LineString","coordinates":[[-120.33777,34.75688],[-120.20994,34.72672],[-120.13519,34.67907],[-120.08999,34.63919]]}},{"type":"Feature","properties":{"section_id":149,"section_name":"Los Alamos (extension)","state":"CA","secondary_state":"","dip_deg":30.0,"dip_dir":"S","rake_deg":90.0,"upper_depth_km":0.0,"lower_depth_km":12.0},"geometry":{"type":"LineString","coordinates":[[-120.08898,34.63918],[-120.005629,34.616868],[-119.92233,34.5945],[-119.8734,34.5556]]}},{"type":"Feature","properties":{"section_id":150,"section_name":"Los Medanos - Roe Island","state":"CA","secondary_state":"","dip_deg":39.0,"dip_dir":"NE","rake_deg":90.0,"upper_depth_km":0.0,"lower_depth_km":14.0},"geometry":{"type":"LineString","coordinates":[[-121.923,37.976],[-121.98444,37.99988],[-122.03621,38.06498],[-122.10265,38.08894]]}},{"type":"Feature","properties":{"section_id":151,"section_name":"Los Osos","state":"CA","secondary_state":"","dip_deg":45.0,"dip_dir":"SW","rake_deg":90.0,"upper_depth_km":0.0,"lower_depth_km":12.0},"geometry":{"type":"LineString","coordinates":[[-120.995,35.362],[-120.86641,35.30209],[-120.78181,35.29963],[-120.73522,35.28492],[-120.68373,35.24569],[-120.6543,35.20891],[-120.53171,35.16967],[-120.48144,35.12554],[-120.45692,35.12186]]}},{"type":"Feature","properties":{"section_id":152,"section_name":"Lost Hills","state":"CA","secondary_state":"","dip_deg":29.0,"dip_dir":"SW","rake_deg":90.0,"upper_depth_km":4.2,"lower_depth_km":12.0},"geometry":{"type":"LineString","coordinates":[[-119.92196,35.80238],[-119.86698,35.74423],[-119.81209,35.68604],[-119.75727,35.62782],[-119.70254,35.56957]]}},{"type":"Feature","properties":{"section_id":153,"section_name":"Ludlow","state":"CA","secondary_state":"","dip_deg":90.0,"dip_dir":"Vertical","rake_deg":180.0,"upper_depth_km":0.0,"lower_depth_km":11.1},"geometry":{"type":"LineString","coordinates":[[-116.24985,34.95961],[-116.20245,34.90671],[-116.21665,34.82371],[-116.18825,34.78341],[-116.16055,34.70521],[-116.062187,34.614195],[-115.964077,34.523085],[-115.86622,34.43188]]}},{"type":"Feature","properties":{"section_id":154,"section_name":"Lytle Creek (San Jacinto, connector)","state":"CA","secondary_state":"","dip_deg":90.0,"dip_dir":"N","rake_deg":180.0,"upper_depth_km":0.0,"lower_depth_km":16.1},"geometry":{"type":"LineString","coordinates":[[-117.325,34.1013],[-117.44196,34.18028],[-117.50122,34.2466]]}},{"type":"Feature","properties":{"section_id":155,"section_name":"Maacama","state":"CA","secondary_state":"","dip_deg":63.0,"dip_dir":"E","rake_deg":180.0,"upper_depth_km":0.0,"lower_depth_km":10.9},"geometry":{"type":"LineString","coordinates":[[-122.64723,38.49992],[-122.695078,38.558036],[-122.74301,38.61613],[-122.80191,38.68105],[-122.87987,38.748395],[-122.95799,38.81569],[-123.020759,38.916626],[-123.08372,39.01752],[-123.142368,39.108718],[-123.20118,39.19988],[-123.232,39.25114],[-123.26325,39.29359],[-123.34474,39.39546],[-123.37588,39.43605],[-123.434789,39.531886],[-123.493873,39.627686],[-123.55313,39.72345],[-123.597309,39.783774],[-123.64157,39.84408]]}},{"type":"Feature","properties":{"section_id":157,"section_name":"Mad River","state":"CA","secondary_state":"","dip_deg":35.0,"dip_dir":"NE","rake_deg":90.0,"upper_depth_km":0.0,"lower_depth_km":13.0},"geometry":{"type":"LineString","coordinates":[[-123.92455,40.74703],[-123.95904,40.80849],[-123.99633,40.83718],[-124.06962,40.89953],[-124.1117,40.93318],[-124.14874,40.98371],[-124.2332,41.03211],[-124.27567,41.137991],[-124.318564,41.244251]]}},{"type":"Feature","properties":{"section_id":158,"section_name":"Malibu Coast (extension)","state":"CA","secondary_state":"","dip_deg":74.0,"dip_dir":"N","rake_deg":30.0,"upper_depth_km":0.0,"lower_depth_km":7.8},"geometry":{"type":"LineString","coordinates":[[-118.93299,34.04816],[-118.99424,34.05267],[-119.08612,34.05937],[-119.17801,34.06601],[-119.23927,34.07039],[-119.30762,34.06754]]}},{"type":"Feature","properties":{"section_id":160,"section_name":"Malibu Coast","state":"CA","secondary_state":"","dip_deg":75.0,"dip_dir":"N","rake_deg":30.0,"upper_depth_km":0.0,"lower_depth_km":7.8},"geometry":{"type":"LineString","coordinates":[[-118.525,34.0287],[-118.62,34.0374],[-118.68,34.0392],[-118.727,34.0323],[-118.798,34.033],[-118.933,34.0464]]}},{"type":"Feature","properties":{"section_id":162,"section_name":"Manix - Afton Hills","state":"CA","secondary_state":"","dip_deg":90.0,"dip_dir":"Vertical","rake_deg":0.0,"upper_depth_km":0.0,"lower_depth_km":13.2},"geometry":{"type":"LineString","coordinates":[[-116.75702,34.92618],[-116.650871,34.95364],[-116.54464,34.98101],[-116.454968,35.002742],[-116.36524,35.02441],[-116.29915,35.03844],[-116.23384,35.0142],[-116.13686,35.01044]]}},{"type":"Feature","properties":{"section_id":163,"section_name":"McKinleyville","state":"CA","secondary_state":"","dip_deg":35.0,"dip_dir":"NE","rake_deg":90.0,"upper_depth_km":0.0,"lower_depth_km":13.0},"geometry":{"type":"LineString","coordinates":[[-123.86379,40.75712],[-123.90343,40.79177],[-123.94196,40.81747],[-123.99852,40.85803],[-124.05131,40.90951],[-124.09076,40.96203],[-124.18308,41.05808],[-124.23273,41.06589]]}},{"type":"Feature","properties":{"section_id":164,"section_name":"McLean Lake","state":"CA","secondary_state":"","dip_deg":90.0,"dip_dir":"Vertical","rake_deg":0.0,"upper_depth_km":0.0,"lower_depth_km":11.1},"geometry":{"type":"LineString","coordinates":[[-116.96252,35.49922],[-116.86122,35.47831],[-116.766084,35.484995],[-116.67093,35.49161],[-116.576633,35.493844],[-116.48233,35.49601],[-116.39304,35.45091]]}},{"type":"Feature","properties":{"section_id":165,"section_name":"Mendocino","state":"CA","secondary_state":"","dip_deg":90.0,"dip_dir":"Vertical","rake_deg":180.0,"upper_depth_km":0.0,"lower_depth_km":10.0},"geometry":{"type":"LineString","coordinates":[[-124.41191,40.26217],[-124.553834,40.317009],[-124.696,40.3717],[-124.860462,40.37885],[-125.02496,40.385807],[-125.189493,40.39257],[-125.35406,40.39914],[-125.516346,40.404641],[-125.67866,40.409955],[-125.841,40.41508],[-126.021072,40.414345],[-126.201139,40.413378],[-126.3812,40.41218]]}},{"type":"Feature","properties":{"section_id":166,"section_name":"Mill Creek (San Andreas, north branch)","state":"CA","secondary_state":"","dip_deg":76.0,"dip_dir":"N","rake_deg":180.0,"upper_depth_km":0.0,"lower_depth_km":18.2},"geometry":{"type":"LineString","coordinates":[[-116.24629,33.78825],[-116.31598,33.84403],[-116.42244,33.90582],[-116.46648,33.93313],[-116.51589,33.97184],[-116.56226,34.00265],[-116.65111,34.03425],[-116.75115,34.06318],[-116.83987,34.07486],[-116.93939,34.08445],[-116.99747,34.09814],[-117.08495,34.11734],[-117.14295,34.13407],[-117.22202,34.15003],[-117.27021,34.17172]]}},{"type":"Feature","properties":{"section_id":167,"section_name":"Mission (connected)","state":"CA","secondary_state":"","dip_deg":90.0,"dip_dir":"E","rake_deg":180.0,"upper_depth_km":0.0,"lower_depth_km":5.1},"geometry":{"type":"LineString","coordinates":[[-121.81635,37.45669],[-121.87831,37.507],[-121.98126,37.59522],[-122.04324,37.63282]]}},{"type":"Feature","properties":{"section_id":168,"section_name":"Mission Creek","state":"CA","secondary_state":"","dip_deg":65.0,"dip_dir":"N","rake_deg":180.0,"upper_depth_km":0.0,"lower_depth_km":17.7},"geometry":{"type":"LineString","coordinates":[[-116.5724,34.00358],[-116.61938,34.01874],[-116.69505,34.03942],[-116.7397,34.04883],[-116.83646,34.04585],[-116.89423,34.02743]]}},{"type":"Feature","properties":{"section_id":169,"section_name":"Mission Hills","state":"CA","secondary_state":"","dip_deg":55.0,"dip_dir":"N","rake_deg":90.0,"upper_depth_km":0.0,"lower_depth_km":14.5},"geometry":{"type":"LineString","coordinates":[[-118.42055,34.26115],[-118.45844,34.27896],[-118.55724,34.27385]]}},{"type":"Feature","properties":{"section_id":170,"section_name":"Mission Ridge - Arroyo Parida - Santa Ana","state":"CA","secondary_state":"","dip_deg":70.0,"dip_dir":"S","rake_deg":90.0,"upper_depth_km":0.0,"lower_depth_km":7.6},"geometry":{"type":"LineString","coordinates":[[-119.89769,34.42981],[-119.86875,34.42478],[-119.80713,34.43359],[-119.78575,34.43359],[-119.75055,34.44113],[-119.743,34.44239],[-119.69144,34.44994],[-119.61095,34.44113],[-119.51036,34.43107],[-119.47137,34.4273],[-119.4261,34.41598],[-119.34562,34.42353],[-119.28778,34.42981],[-119.20226,34.44994],[-119.16579,34.47005]]}},{"type":"Feature","properties":{"section_id":171,"section_name":"Mohawk Valley","state":"CA","secondary_state":"","dip_deg":90.0,"dip_dir":"Vertical","rake_deg":180.0,"upper_depth_km":0.0,"lower_depth_km":14.7},"geometry":{"type":"LineString","coordinates":[[-120.36871,39.49015],[-120.39812,39.55919],[-120.45316,39.63868],[-120.51774,39.68093],[-120.61715,39.74266],[-120.686172,39.85812],[-120.75544,39.97353]]}},{"type":"Feature","properties":{"section_id":172,"section_name":"Mono Lake","state":"CA","secondary_state":"","dip_deg":50.0,"dip_dir":"E","rake_deg":-90.0,"upper_depth_km":0.0,"lower_depth_km":13.8},"geometry":{"type":"LineString","coordinates":[[-119.10841,37.94299],[-119.18003,38.03399],[-119.18152,38.10195]]}},{"type":"Feature","properties":{"section_id":173,"section_name":"Monte Vista - Shannon","state":"CA","secondary_state":"","dip_deg":61.0,"dip_dir":"SW","rake_deg":90.0,"upper_depth_km":0.0,"lower_depth_km":14.2},"geometry":{"type":"LineString","coordinates":[[-122.31425,37.4766],[-122.208488,37.414915],[-122.10292,37.35314],[-122.06992,37.31305],[-122.01027,37.27489],[-121.95536,37.24308],[-121.89396,37.21551],[-121.75524,37.19444]]}},{"type":"Feature","properties":{"section_id":174,"section_name":"Monterey Bay - Tularcitos","state":"CA","secondary_state":"","dip_deg":90.0,"dip_dir":"Vertical","rake_deg":150.0,"upper_depth_km":0.0,"lower_depth_km":14.0},"geometry":{"type":"LineString","coordinates":[[-121.50309,36.35759],[-121.59573,36.40017],[-121.6489,36.43872],[-121.73531,36.46929],[-121.800395,36.527139],[-121.86559,36.58495],[-121.937919,36.699307],[-122.01049,36.8136],[-122.066281,36.867454],[-122.12216,36.92128]]}},{"type":"Feature","properties":{"section_id":175,"section_name":"Morales (east)","state":"CA","secondary_state":"","dip_deg":32.0,"dip_dir":"N","rake_deg":90.0,"upper_depth_km":0.0,"lower_depth_km":8.6},"geometry":{"type":"LineString","coordinates":[[-119.48507,34.94336],[-119.54702,34.94976],[-119.5938,34.95926],[-119.67389,34.98177]]}},{"type":"Feature","properties":{"section_id":176,"section_name":"Morales (west)","state":"CA","secondary_state":"","dip_deg":32.0,"dip_dir":"NE","rake_deg":90.0,"upper_depth_km":0.0,"lower_depth_km":8.6},"geometry":{"type":"LineString","coordinates":[[-119.72165,34.97482],[-119.7629,34.994],[-119.81238,35.02942],[-119.84877,35.08852],[-119.9204,35.16329]]}},{"type":"Feature","properties":{"section_id":177,"section_name":"Mount Diablo (north)","state":"CA","secondary_state":"","dip_deg":40.0,"dip_dir":"NE","rake_deg":90.0,"upper_depth_km":1.0,"lower_depth_km":13.5},"geometry":{"type":"LineString","coordinates":[[-121.92242,37.82347],[-122.00953,37.85258],[-122.02586,37.8701],[-122.04512,37.89918]]}},{"type":"Feature","properties":{"section_id":178,"section_name":"Mount Diablo (south)","state":"CA","secondary_state":"","dip_deg":40.0,"dip_dir":"N","rake_deg":90.0,"upper_depth_km":1.0,"lower_depth_km":13.5},"geometry":{"type":"LineString","coordinates":[[-121.74905,37.68839],[-121.79302,37.70462],[-121.82233,37.70794],[-121.86966,37.71489],[-121.91572,37.73808],[-121.95885,37.78211]]}},{"type":"Feature","properties":{"section_id":180,"section_name":"Nelson Lake","state":"CA","secondary_state":"","dip_deg":90.0,"dip_dir":"Vertical","rake_deg":0.0,"upper_depth_km":0.0,"lower_depth_km":11.7},"geometry":{"type":"LineString","coordinates":[[-116.90712,35.43652],[-116.84543,35.42931],[-116.740242,35.437053],[-116.63503,35.44471],[-116.51093,35.42691],[-116.43644,35.41752],[-116.3531,35.38808]]}},{"type":"Feature","properties":{"section_id":181,"section_name":"Newport - Inglewood (offshore)","state":"CA","secondary_state":"","dip_deg":90.0,"dip_dir":"Vertical","rake_deg":180.0,"upper_depth_km":0.0,"lower_depth_km":10.2},"geometry":{"type":"LineString","coordinates":[[-117.91455,33.59104],[-117.79886,33.50804],[-117.743484,33.455241],[-117.68819,33.40241],[-117.617696,33.326982],[-117.54735,33.2515],[-117.48698,33.21629],[-117.42914,33.15593]]}},{"type":"Feature","properties":{"section_id":183,"section_name":"Newport - Inglewood","state":"CA","secondary_state":"","dip_deg":90.0,"dip_dir":"E","rake_deg":180.0,"upper_depth_km":0.0,"lower_depth_km":15.1},"geometry":{"type":"LineString","coordinates":[[-117.92467,33.60599],[-117.99491,33.678],[-118.03264,33.69543],[-118.09271,33.75121],[-118.19512,33.82041],[-118.21571,33.85026],[-118.24791,33.87152],[-118.28109,33.91318],[-118.3315,33.95663],[-118.38955,34.04331]]}},{"type":"Feature","properties":{"section_id":184,"section_name":"North Channel","state":"CA","secondary_state":"","dip_deg":26.0,"dip_dir":"N","rake_deg":90.0,"upper_depth_km":1.1,"lower_depth_km":4.5},"geometry":{"type":"LineString","coordinates":[[-119.42508,34.31878],[-119.47553,34.3013],[-119.50973,34.29743],[-119.55928,34.30024],[-119.60473,34.29809],[-119.64368,34.29404],[-119.71721,34.31109],[-119.78853,34.33358],[-119.90947,34.35373],[-119.93463,34.39139]]}},{"type":"Feature","properties":{"section_id":185,"section_name":"North Frontal (east)","state":"CA","secondary_state":"","dip_deg":41.0,"dip_dir":"S","rake_deg":90.0,"upper_depth_km":0.0,"lower_depth_km":16.6},"geometry":{"type":"LineString","coordinates":[[-116.8033,34.36839],[-116.76074,34.33389],[-116.71876,34.34164],[-116.66958,34.33162],[-116.64316,34.34042],[-116.62204,34.33338],[-116.58857,34.32105],[-116.53925,34.31929],[-116.52517,34.31049]]}},{"type":"Feature","properties":{"section_id":186,"section_name":"North Frontal (west)","state":"CA","secondary_state":"","dip_deg":49.0,"dip_dir":"S","rake_deg":90.0,"upper_depth_km":0.0,"lower_depth_km":15.7},"geometry":{"type":"LineString","coordinates":[[-117.26906,34.31693],[-117.242,34.343],[-117.228,34.367],[-117.21,34.371],[-117.20113,34.40468],[-117.16715,34.43865],[-117.14451,34.44431],[-117.1077,34.44148],[-117.05958,34.42167],[-117.00297,34.39619],[-116.98882,34.38204],[-116.93785,34.36505],[-116.85011,34.37072]]}},{"type":"Feature","properties":{"section_id":187,"section_name":"North Salt Lake","state":"CA","secondary_state":"","dip_deg":54.0,"dip_dir":"N","rake_deg":90.0,"upper_depth_km":0.5,"lower_depth_km":16.7},"geometry":{"type":"LineString","coordinates":[[-118.31723,34.09253],[-118.35171,34.08385]]}},{"type":"Feature","properties":{"section_id":188,"section_name":"North Tahoe","state":"NV","secondary_state":"CA","dip_deg":50.0,"dip_dir":"E","rake_deg":-90.0,"upper_depth_km":0.0,"lower_depth_km":13.0},"geometry":{"type":"LineString","coordinates":[[-120.04457,39.11012],[-120.04313,39.1248],[-120.05035,39.14666],[-120.03825,39.17349],[-120.02253,39.18392],[-120.00574,39.20061],[-119.99441,39.21685],[-119.98527,39.26879],[-119.98628,39.29134],[-119.95999,39.32415]]}},{"type":"Feature","properties":{"section_id":189,"section_name":"Northridge","state":"CA","secondary_state":"","dip_deg":35.0,"dip_dir":"S","rake_deg":90.0,"upper_depth_km":7.4,"lower_depth_km":16.8},"geometry":{"type":"LineString","coordinates":[[-118.712,34.4172],[-118.634,34.404],[-118.596,34.3837],[-118.545,34.3541],[-118.478,34.3421],[-118.424,34.3282],[-118.378,34.3097]]}},{"type":"Feature","properties":{"section_id":190,"section_name":"Northridge Hills","state":"CA","secondary_state":"","dip_deg":31.0,"dip_dir":"N","rake_deg":90.0,"upper_depth_km":0.0,"lower_depth_km":14.9},"geometry":{"type":"LineString","coordinates":[[-118.45388,34.22872],[-118.51446,34.24841],[-118.56512,34.25968],[-118.6555,34.30166],[-118.70571,34.3008]]}},{"type":"Feature","properties":{"section_id":191,"section_name":"Oak Ridge (offshore)","state":"CA","secondary_state":"","dip_deg":65.0,"dip_dir":"S","rake_deg":90.0,"upper_depth_km":0.0,"lower_depth_km":7.9},"geometry":{"type":"LineString","coordinates":[[-119.678,34.2523],[-119.606,34.2614],[-119.515,34.2504],[-119.432,34.2338],[-119.351,34.2315],[-119.273,34.2515]]}},{"type":"Feature","properties":{"section_id":192,"section_name":"Oak Ridge (offshore, extension)","state":"CA","secondary_state":"","dip_deg":67.0,"dip_dir":"S","rake_deg":90.0,"upper_depth_km":0.0,"lower_depth_km":3.1},"geometry":{"type":"LineString","coordinates":[[-119.96439,34.31602],[-119.8653,34.31197],[-119.79242,34.29424],[-119.74426,34.26166],[-119.67665,34.25233]]}},{"type":"Feature","properties":{"section_id":193,"section_name":"Oak Ridge (onshore)","state":"CA","secondary_state":"","dip_deg":65.0,"dip_dir":"S","rake_deg":90.0,"upper_depth_km":1.0,"lower_depth_km":19.4},"geometry":{"type":"LineString","coordinates":[[-119.21196,34.26044],[-119.12853,34.27598],[-119.0974,34.31651],[-119.04024,34.35225],[-118.95891,34.36309],[-118.88049,34.38133],[-118.81043,34.38502],[-118.77422,34.40132],[-118.7227,34.39777]]}},{"type":"Feature","properties":{"section_id":194,"section_name":"Oceanic - West Huasna","state":"CA","secondary_state":"","dip_deg":58.0,"dip_dir":"NE","rake_deg":135.0,"upper_depth_km":0.0,"lower_depth_km":7.0},"geometry":{"type":"LineString","coordinates":[[-120.31671,34.91778],[-120.34863,34.99916],[-120.41297,35.08794],[-120.45711,35.12092],[-120.52673,35.2101],[-120.588062,35.275844],[-120.64951,35.34155],[-120.728174,35.395937],[-120.80696,35.45027],[-120.86799,35.50391],[-120.93345,35.57117],[-121.00139,35.59047],[-121.05588,35.62484],[-121.15266,35.65945],[-121.21967,35.68358]]}},{"type":"Feature","properties":{"section_id":195,"section_name":"Oceanside","state":"CA","secondary_state":"","dip_deg":23.0,"dip_dir":"E","rake_deg":90.0,"upper_depth_km":1.0,"lower_depth_km":8.3},"geometry":{"type":"LineString","coordinates":[[-117.28755,32.54604],[-117.30659,32.59501],[-117.40477,32.67684],[-117.4759,32.77461],[-117.45789,32.8571],[-117.43984,32.93957],[-117.44284,33.00849],[-117.48492,33.05049],[-117.536454,33.1365],[-117.58811,33.22247],[-117.63921,33.25264],[-117.69632,33.31211],[-117.70133,33.38659],[-117.71335,33.45014]]}},{"type":"Feature","properties":{"section_id":197,"section_name":"Ortigalita (north)","state":"CA","secondary_state":"","dip_deg":90.0,"dip_dir":"Vertical","rake_deg":180.0,"upper_depth_km":0.0,"lower_depth_km":11.0},"geometry":{"type":"LineString","coordinates":[[-121.0498,37.00376],[-121.1274,37.0909],[-121.1606,37.1445],[-121.2211,37.1879],[-121.2708,37.2499],[-121.3018,37.2974]]}},{"type":"Feature","properties":{"section_id":198,"section_name":"Ortigalita (south)","state":"CA","secondary_state":"","dip_deg":90.0,"dip_dir":"Vertical","rake_deg":180.0,"upper_depth_km":0.0,"lower_depth_km":11.0},"geometry":{"type":"LineString","coordinates":[[-121.1429,37.1081],[-121.138,37.034],[-121.074641,36.970549],[-121.0114,36.90706],[-120.957445,36.850524],[-120.90358,36.79396],[-120.863165,36.709608],[-120.82285,36.62523]]}},{"type":"Feature","properties":{"section_id":199,"section_name":"Owens Valley","state":"CA","secondary_state":"","dip_deg":90.0,"dip_dir":"Vertical","rake_deg":180.0,"upper_depth_km":0.0,"lower_depth_km":13.5},"geometry":{"type":"LineString","coordinates":[[-117.96535,36.30771],[-117.992636,36.406217],[-118.02,36.5047],[-118.043,36.5522],[-118.07,36.6355],[-118.083,36.6943],[-118.119,36.7739],[-118.16,36.8506],[-118.197,36.9315],[-118.240869,37.032366],[-118.284869,37.133199],[-118.329,37.234]]}},{"type":"Feature","properties":{"section_id":200,"section_name":"Owens Valley (Keough Hot Springs)","state":"CA","secondary_state":"","dip_deg":50.0,"dip_dir":"E","rake_deg":-90.0,"upper_depth_km":0.0,"lower_depth_km":13.0},"geometry":{"type":"LineString","coordinates":[[-118.34453,37.19276],[-118.37579,37.23434],[-118.37493,37.25722],[-118.4133,37.3193],[-118.41006,37.33332]]}},{"type":"Feature","properties":{"section_id":201,"section_name":"Owl Lake","state":"CA","secondary_state":"","dip_deg":90.0,"dip_dir":"Vertical","rake_deg":0.0,"upper_depth_km":0.0,"lower_depth_km":12.0},"geometry":{"type":"LineString","coordinates":[[-116.87723,35.60639],[-116.759428,35.667123],[-116.64142,35.72774]]}},{"type":"Feature","properties":{"section_id":202,"section_name":"Ozena","state":"CA","secondary_state":"","dip_deg":33.0,"dip_dir":"SW","rake_deg":90.0,"upper_depth_km":0.0,"lower_depth_km":13.9},"geometry":{"type":"LineString","coordinates":[[-119.70618,34.8866],[-119.6211,34.8301],[-119.5833,34.8119],[-119.5058,34.7989],[-119.4508,34.7649],[-119.3447,34.6742]]}},{"type":"Feature","properties":{"section_id":203,"section_name":"Palos Verdes","state":"CA","secondary_state":"","dip_deg":90.0,"dip_dir":"Vertical","rake_deg":180.0,"upper_depth_km":0.0,"lower_depth_km":13.6},"geometry":{"type":"LineString","coordinates":[[-117.85949,33.22678],[-117.917,33.2798],[-117.943,33.3184],[-117.986,33.3546],[-118.06,33.4428],[-118.08,33.4816],[-118.119,33.5449],[-118.146,33.5835],[-118.233,33.6919],[-118.254,33.7472],[-118.334,33.7895],[-118.4,33.8175],[-118.439,33.8637],[-118.496,33.9021],[-118.557,33.9702]]}},{"type":"Feature","properties":{"section_id":204,"section_name":"Panamint Valley","state":"CA","secondary_state":"","dip_deg":75.0,"dip_dir":"W","rake_deg":-150.0,"upper_depth_km":0.0,"lower_depth_km":13.0},"geometry":{"type":"LineString","coordinates":[[-117.41147,36.43964],[-117.36476,36.373368],[-117.31814,36.30707],[-117.26433,36.26987],[-117.21977,36.20697],[-117.208214,36.13892],[-117.19668,36.07086],[-117.21965,36.03833],[-117.21472,36.00811],[-117.18646,35.92067],[-117.17103,35.89043],[-117.16798,35.86077],[-117.12139,35.75448],[-117.09049,35.71124],[-117.05161,35.68278],[-116.97594,35.65978],[-116.94231,35.63979],[-116.90464,35.61219]]}},{"type":"Feature","properties":{"section_id":205,"section_name":"Paradise","state":"CA","secondary_state":"","dip_deg":90.0,"dip_dir":"Vertical","rake_deg":180.0,"upper_depth_km":0.0,"lower_depth_km":13.4},"geometry":{"type":"LineString","coordinates":[[-116.77996,34.92533],[-116.78978,35.03095],[-116.80941,35.05285],[-116.846179,35.150436],[-116.88305,35.24799],[-116.88668,35.32016],[-116.91541,35.40109]]}},{"type":"Feature","properties":{"section_id":206,"section_name":"Peralta Hills","state":"CA","secondary_state":"","dip_deg":50.0,"dip_dir":"N","rake_deg":90.0,"upper_depth_km":0.3,"lower_depth_km":14.0},"geometry":{"type":"LineString","coordinates":[[-117.74095,33.83765],[-117.81728,33.82453],[-117.88581,33.84352]]}},{"type":"Feature","properties":{"section_id":207,"section_name":"Pilarcitos","state":"CA","secondary_state":"","dip_deg":81.0,"dip_dir":"E","rake_deg":180.0,"upper_depth_km":0.0,"lower_depth_km":9.5},"geometry":{"type":"LineString","coordinates":[[-122.16225,37.31225],[-122.2164,37.35044],[-122.25534,37.38728],[-122.34211,37.44925],[-122.39136,37.52283],[-122.49369,37.58631],[-122.55638,37.64006]]}},{"type":"Feature","properties":{"section_id":208,"section_name":"Pine Mountain","state":"CA","secondary_state":"","dip_deg":45.0,"dip_dir":"N","rake_deg":90.0,"upper_depth_km":0.0,"lower_depth_km":16.3},"geometry":{"type":"LineString","coordinates":[[-118.78885,34.6192],[-118.84086,34.62158],[-118.8898,34.6165],[-118.97126,34.57987],[-119.1284,34.57692],[-119.25761,34.6039],[-119.33573,34.62293],[-119.37002,34.64962],[-119.42705,34.66513]]}},{"type":"Feature","properties":{"section_id":209,"section_name":"Pinto Mountain","state":"CA","secondary_state":"","dip_deg":90.0,"dip_dir":"Vertical","rake_deg":0.0,"upper_depth_km":0.0,"lower_depth_km":15.5},"geometry":{"type":"LineString","coordinates":[[-116.72039,34.05496],[-116.70146,34.06018],[-116.67965,34.07253],[-116.63834,34.08013],[-116.59128,34.0787],[-116.55858,34.08298],[-116.47939,34.11099],[-116.45931,34.12429],[-116.41455,34.13046],[-116.28314,34.14471],[-116.22863,34.14756],[-116.08173,34.13806],[-116.05362,34.13046],[-116.01115,34.12571],[-115.95894,34.10814],[-115.94344,34.10624],[-115.84548,34.09336]]}},{"type":"Feature","properties":{"section_id":210,"section_name":"Pisgah - Bullion Mountain - Mesquite Lake","state":"CA","secondary_state":"","dip_deg":90.0,"dip_dir":"Vertical","rake_deg":180.0,"upper_depth_km":0.0,"lower_depth_km":13.1},"geometry":{"type":"LineString","coordinates":[[-115.98907,34.12149],[-116.02888,34.15398],[-116.06131,34.20586],[-116.12356,34.29145],[-116.17543,34.3913],[-116.25195,34.47041],[-116.25713,34.47948],[-116.25713,34.49116],[-116.33364,34.56248],[-116.37643,34.63381],[-116.40627,34.69735],[-116.445786,34.757665],[-116.48537,34.81796]]}},{"type":"Feature","properties":{"section_id":211,"section_name":"Pitas Point (lower, Montalvo)","state":"CA","secondary_state":"","dip_deg":16.0,"dip_dir":"N","rake_deg":90.0,"upper_depth_km":0.4,"lower_depth_km":12.7},"geometry":{"type":"LineString","coordinates":[[-119.47752,34.17157],[-119.57209,34.15449],[-119.63939,34.15026],[-119.68338,34.15547],[-119.80253,34.16794]]}},{"type":"Feature","properties":{"section_id":212,"section_name":"Pitas Point (lower, west)","state":"CA","secondary_state":"","dip_deg":13.0,"dip_dir":"N","rake_deg":90.0,"upper_depth_km":1.5,"lower_depth_km":8.8},"geometry":{"type":"LineString","coordinates":[[-119.77574,34.23377],[-119.83201,34.26542],[-119.91174,34.28773],[-119.97836,34.3044],[-120.06019,34.27551],[-120.1194,34.24877]]}},{"type":"Feature","properties":{"section_id":213,"section_name":"Pitas Point (upper)","state":"CA","secondary_state":"","dip_deg":42.0,"dip_dir":"N","rake_deg":90.0,"upper_depth_km":1.4,"lower_depth_km":10.0},"geometry":{"type":"LineString","coordinates":[[-119.58951,34.29189],[-119.68841,34.30243],[-119.71721,34.31109],[-119.74472,34.31672],[-119.83937,34.33454],[-119.90106,34.34339],[-119.95482,34.36939]]}},{"type":"Feature","properties":{"section_id":214,"section_name":"Pittville","state":"CA","secondary_state":"","dip_deg":60.0,"dip_dir":"SW","rake_deg":-90.0,"upper_depth_km":0.0,"lower_depth_km":8.9},"geometry":{"type":"LineString","coordinates":[[-121.40362,41.19941],[-121.33572,41.11377],[-121.28748,41.03581],[-121.27144,40.96072]]}},{"type":"Feature","properties":{"section_id":215,"section_name":"Pleito","state":"CA","secondary_state":"","dip_deg":46.0,"dip_dir":"S","rake_deg":90.0,"upper_depth_km":0.0,"lower_depth_km":13.6},"geometry":{"type":"LineString","coordinates":[[-119.2959,34.94152],[-119.23706,34.95623],[-119.2062,34.95564],[-119.12816,34.98694],[-119.08091,35.00708],[-119.05054,35.00748],[-119.03608,34.99168],[-119.01293,34.97825],[-118.99413,34.96837],[-118.97946,34.94387],[-118.96869,34.93505],[-118.9486,34.93152],[-118.92779,34.9327],[-118.91073,34.93914],[-118.879,34.93505]]}},{"type":"Feature","properties":{"section_id":216,"section_name":"Point Reyes","state":"CA","secondary_state":"","dip_deg":53.0,"dip_dir":"E","rake_deg":90.0,"upper_depth_km":0.0,"lower_depth_km":9.0},"geometry":{"type":"LineString","coordinates":[[-122.84302,37.91569],[-122.91777,37.9468],[-122.93798,37.96232],[-123.02739,37.97097],[-123.100233,38.032343],[-123.17321,38.09367],[-123.23464,38.18435],[-123.256089,38.24796],[-123.27758,38.31156],[-123.33193,38.42147],[-123.3435,38.48811]]}},{"type":"Feature","properties":{"section_id":217,"section_name":"Point Reyes (connector)","state":"CA","secondary_state":"","dip_deg":53.0,"dip_dir":"E","rake_deg":90.0,"upper_depth_km":0.0,"lower_depth_km":9.0},"geometry":{"type":"LineString","coordinates":[[-122.59217,37.68165],[-122.652221,37.747072],[-122.71239,37.81246],[-122.777655,37.864093],[-122.84302,37.91569]]}},{"type":"Feature","properties":{"section_id":218,"section_name":"Polaris","state":"CA","secondary_state":"","dip_deg":81.0,"dip_dir":"E","rake_deg":180.0,"upper_depth_km":0.0,"lower_depth_km":15.0},"geometry":{"type":"LineString","coordinates":[[-120.103598,39.283778],[-120.144894,39.347404],[-120.191967,39.404809],[-120.203281,39.418773],[-120.231719,39.467015],[-120.245061,39.513446]]}},{"type":"Feature","properties":{"section_id":219,"section_name":"Puente Hills (Coyote Hills)","state":"CA","secondary_state":"","dip_deg":26.0,"dip_dir":"N","rake_deg":90.0,"upper_depth_km":2.8,"lower_depth_km":14.6},"geometry":{"type":"LineString","coordinates":[[-117.86731,33.89773],[-117.92065,33.87146],[-117.96642,33.87407],[-118.04352,33.8928]]}},{"type":"Feature","properties":{"section_id":220,"section_name":"Puente Hills (Los Angeles)","state":"CA","secondary_state":"","dip_deg":27.0,"dip_dir":"N","rake_deg":90.0,"upper_depth_km":2.1,"lower_depth_km":15.0},"geometry":{"type":"LineString","coordinates":[[-118.12595,33.96896],[-118.20062,33.95792],[-118.33496,34.03264]]}},{"type":"Feature","properties":{"section_id":221,"section_name":"Puente Hills (Santa Fe Springs)","state":"CA","secondary_state":"","dip_deg":29.0,"dip_dir":"N","rake_deg":90.0,"upper_depth_km":2.8,"lower_depth_km":15.0},"geometry":{"type":"LineString","coordinates":[[-118.01783,33.93107],[-118.07898,33.91569],[-118.13831,33.9071]]}},{"type":"Feature","properties":{"section_id":223,"section_name":"Quien Sabe","state":"CA","secondary_state":"","dip_deg":85.0,"dip_dir":"E","rake_deg":180.0,"upper_depth_km":0.0,"lower_depth_km":10.1},"geometry":{"type":"LineString","coordinates":[[-121.2073,36.75499],[-121.25795,36.81047],[-121.29735,36.85596],[-121.33534,36.89357],[-121.37575,36.93768]]}},{"type":"Feature","properties":{"section_id":224,"section_name":"Raymond","state":"CA","secondary_state":"","dip_deg":79.0,"dip_dir":"N","rake_deg":60.0,"upper_depth_km":0.0,"lower_depth_km":15.6},"geometry":{"type":"LineString","coordinates":[[-117.99006,34.16296],[-118.00254,34.16088],[-118.01495,34.15555],[-118.02924,34.15072],[-118.04934,34.14087],[-118.05745,34.13914],[-118.08055,34.12964],[-118.11513,34.12288],[-118.12312,34.1213],[-118.12895,34.11832],[-118.223,34.1217]]}},{"type":"Feature","properties":{"section_id":225,"section_name":"Red Mountain","state":"CA","secondary_state":"","dip_deg":56.0,"dip_dir":"N","rake_deg":90.0,"upper_depth_km":0.0,"lower_depth_km":14.1},"geometry":{"type":"LineString","coordinates":[[-119.304,34.3386],[-119.38,34.337],[-119.424,34.356],[-119.47,34.3573],[-119.531,34.3572],[-119.631,34.3582],[-119.749,34.3617],[-119.861,34.3822],[-119.939,34.3991],[-120.088058,34.385342],[-120.237059,34.371409],[-120.386,34.3573]]}},{"type":"Feature","properties":{"section_id":226,"section_name":"Red Pass","state":"CA","secondary_state":"","dip_deg":90.0,"dip_dir":"Vertical","rake_deg":180.0,"upper_depth_km":0.0,"lower_depth_km":11.7},"geometry":{"type":"LineString","coordinates":[[-116.35614,35.24381],[-116.30044,35.17161],[-116.2406,35.118627],[-116.18085,35.06561]]}},{"type":"Feature","properties":{"section_id":228,"section_name":"Redondo Canyon","state":"CA","secondary_state":"","dip_deg":80.0,"dip_dir":"S","rake_deg":90.0,"upper_depth_km":0.5,"lower_depth_km":12.9},"geometry":{"type":"LineString","coordinates":[[-118.53045,33.79425],[-118.39488,33.8119]]}},{"type":"Feature","properties":{"section_id":229,"section_name":"Reliz","state":"CA","secondary_state":"","dip_deg":58.0,"dip_dir":"S","rake_deg":180.0,"upper_depth_km":0.0,"lower_depth_km":10.9},"geometry":{"type":"LineString","coordinates":[[-122.24276,36.98756],[-122.163951,36.94961],[-122.08523,36.91161],[-122.0218,36.8416],[-121.99073,36.80062],[-121.89617,36.72562],[-121.81252,36.69627],[-121.76346,36.67446],[-121.69318,36.64715],[-121.63099,36.58147],[-121.5717,36.56294],[-121.50869,36.4857],[-121.46363,36.43736],[-121.35785,36.35922],[-121.30544,36.26658],[-121.24901,36.20935]]}},{"type":"Feature","properties":{"section_id":230,"section_name":"Richfield","state":"CA","secondary_state":"","dip_deg":28.0,"dip_dir":"N","rake_deg":90.0,"upper_depth_km":2.5,"lower_depth_km":12.9},"geometry":{"type":"LineString","coordinates":[[-117.80034,33.87146],[-117.86742,33.86451]]}},{"type":"Feature","properties":{"section_id":231,"section_name":"Rinconada","state":"CA","secondary_state":"","dip_deg":82.0,"dip_dir":"E","rake_deg":180.0,"upper_depth_km":0.0,"lower_depth_km":8.5},"geometry":{"type":"LineString","coordinates":[[-121.24901,36.20935],[-121.16389,36.12691],[-121.13214,36.08953],[-121.06828,36.02763],[-121.00323,35.9331],[-120.967,35.88708],[-120.90353,35.81184],[-120.82137,35.7273],[-120.77665,35.6867],[-120.71813,35.64417],[-120.6697,35.57253],[-120.63578,35.51539],[-120.61787,35.46358],[-120.58937,35.41377],[-120.5607,35.37442],[-120.49332,35.30173]]}},{"type":"Feature","properties":{"section_id":232,"section_name":"Robinson Creek","state":"CA","secondary_state":"","dip_deg":50.0,"dip_dir":"E","rake_deg":-90.0,"upper_depth_km":0.0,"lower_depth_km":13.0},"geometry":{"type":"LineString","coordinates":[[-119.31708,38.20659],[-119.30286,38.23859],[-119.30463,38.26348],[-119.23174,38.3346]]}},{"type":"Feature","properties":{"section_id":233,"section_name":"Rocky Ledge","state":"CA","secondary_state":"","dip_deg":60.0,"dip_dir":"E","rake_deg":-90.0,"upper_depth_km":0.0,"lower_depth_km":9.0},"geometry":{"type":"LineString","coordinates":[[-121.62665,40.84598],[-121.61543,40.91058],[-121.64225,40.98377]]}},{"type":"Feature","properties":{"section_id":234,"section_name":"Rose Canyon","state":"CA","secondary_state":"","dip_deg":90.0,"dip_dir":"Vertical","rake_deg":180.0,"upper_depth_km":0.0,"lower_depth_km":7.7},"geometry":{"type":"LineString","coordinates":[[-117.14623,32.53385],[-117.15052,32.60327],[-117.16544,32.64777],[-117.16209,32.70989],[-117.17044,32.72904],[-117.1976,32.75951],[-117.20996,32.80108],[-117.24129,32.83548],[-117.26357,32.85454],[-117.294325,32.936723],[-117.32515,33.01888],[-117.399,33.105],[-117.41,33.124],[-117.42485,33.14787],[-117.4288,33.15559]]}},{"type":"Feature","properties":{"section_id":235,"section_name":"Round Valley","state":"CA","secondary_state":"","dip_deg":50.0,"dip_dir":"E","rake_deg":-90.0,"upper_depth_km":0.0,"lower_depth_km":13.0},"geometry":{"type":"LineString","coordinates":[[-118.59922,37.24244],[-118.61618,37.25132],[-118.63513,37.26467],[-118.64111,37.27861],[-118.63881,37.30151],[-118.62761,37.32666],[-118.61513,37.34512],[-118.61499,37.3574],[-118.62972,37.38249],[-118.64251,37.39753],[-118.65061,37.40476],[-118.65119,37.41369],[-118.63719,37.44611],[-118.64157,37.48127],[-118.65043,37.51517],[-118.67178,37.52474],[-118.70231,37.53973],[-118.73086,37.54858],[-118.74232,37.56028]]}},{"type":"Feature","properties":{"section_id":236,"section_name":"Russ","state":"CA","secondary_state":"","dip_deg":71.0,"dip_dir":"N","rake_deg":135.0,"upper_depth_km":0.0,"lower_depth_km":20.0},"geometry":{"type":"LineString","coordinates":[[-123.77894,40.27215],[-123.86554,40.34205],[-123.89358,40.3847],[-124.000534,40.430537],[-124.10764,40.47629],[-124.24747,40.51635],[-124.35293,40.50959],[-124.45248,40.58565],[-124.48666,40.64498],[-124.56246,40.68344]]}},{"type":"Feature","properties":{"section_id":237,"section_name":"San Cayetano","state":"CA","secondary_state":"","dip_deg":42.0,"dip_dir":"N","rake_deg":90.0,"upper_depth_km":0.0,"lower_depth_km":16.0},"geometry":{"type":"LineString","coordinates":[[-118.762,34.4361],[-118.831,34.4047],[-118.865,34.4021],[-118.91304,34.41725],[-118.92385,34.42704],[-118.92791,34.44946],[-118.94363,34.44841],[-118.97685,34.4221],[-119.00752,34.42178],[-119.03671,34.42294],[-119.08182,34.43573],[-119.10376,34.43289],[-119.15906,34.44997]]}},{"type":"Feature","properties":{"section_id":238,"section_name":"San Clemente","state":"CA","secondary_state":"","dip_deg":88.0,"dip_dir":"E","rake_deg":180.0,"upper_depth_km":0.0,"lower_depth_km":9.0},"geometry":{"type":"LineString","coordinates":[[-117.3723,31.98992],[-117.50313,32.06221],[-117.55311,32.10704],[-117.61044,32.12447],[-117.69423,32.2066],[-117.739027,32.269384],[-117.7839,32.33214],[-117.87357,32.39671],[-117.9534,32.47754],[-118.0044,32.53562],[-118.05438,32.57403],[-118.1073,32.63099],[-118.166785,32.685838],[-118.22636,32.74065],[-118.26617,32.77027],[-118.33066,32.83611],[-118.39983,32.89553],[-118.45969,32.94319],[-118.52404,33.02318],[-118.59073,33.08588],[-118.66898,33.18265],[-118.70222,33.22463],[-118.74142,33.2604],[-118.78953,33.35868],[-118.830469,33.431554],[-118.87149,33.5044],[-118.9588,33.59647]]}},{"type":"Feature","properties":{"section_id":239,"section_name":"San Diego Trough (north)","state":"CA","secondary_state":"","dip_deg":90.0,"dip_dir":"Vertical","rake_deg":180.0,"upper_depth_km":0.0,"lower_depth_km":8.3},"geometry":{"type":"LineString","coordinates":[[-117.4148,32.3996],[-117.4576,32.474],[-117.4868,32.5126],[-117.5178,32.5551],[-117.5665,32.6289],[-117.5797,32.6528],[-117.5962,32.6804],[-117.6303,32.7339],[-117.6618,32.7703],[-117.6802,32.7951],[-117.7008,32.825],[-117.7228,32.8541],[-117.735,32.8706],[-117.7402,32.8845],[-117.7612,32.918],[-117.7785,32.9342],[-117.7899,32.9473],[-117.8162,32.964],[-117.8313,32.9759],[-117.8562,32.9954],[-117.8883,33.0317],[-117.9159,33.0594],[-117.9507,33.1049],[-117.9787,33.132],[-118.0017,33.1622],[-118.0205,33.1863],[-118.0399,33.2208],[-118.0748,33.2656],[-118.1039,33.3093],[-118.1235,33.3321],[-118.1392,33.355],[-118.1529,33.3693],[-118.1855,33.3969],[-118.2309,33.4244],[-118.24798,33.43218]]}},{"type":"Feature","properties":{"section_id":241,"section_name":"San Diego Trough (south)","state":"CA","secondary_state":"","dip_deg":90.0,"dip_dir":"Vertical","rake_deg":180.0,"upper_depth_km":0.0,"lower_depth_km":8.3},"geometry":{"type":"LineString","coordinates":[[-117.42883,32.44749],[-117.390421,32.382742],[-117.35208,32.31797],[-117.32925,32.26362],[-117.243,32.16718],[-117.21369,32.14046],[-117.16675,32.06836],[-117.11048,32.02117],[-117.08301,31.98074],[-117.03377,31.87158],[-117.00119,31.825],[-116.96516,31.79777],[-116.89638,31.75311],[-116.80064,31.68439],[-116.773,31.65361],[-116.70513,31.6017],[-116.63798,31.57908],[-116.52815,31.57808],[-116.45268,31.56875],[-116.38793,31.55158],[-116.32246,31.52549]]}},{"type":"Feature","properties":{"section_id":242,"section_name":"San Gabriel","state":"CA","secondary_state":"","dip_deg":61.0,"dip_dir":"NE","rake_deg":145.0,"upper_depth_km":0.0,"lower_depth_km":14.7},"geometry":{"type":"LineString","coordinates":[[-118.28003,34.31781],[-118.301,34.3311],[-118.428,34.3705],[-118.489,34.3947],[-118.561,34.4363],[-118.644,34.5142],[-118.696,34.5606],[-118.772,34.6203],[-118.816,34.6621],[-118.875,34.714]]}},{"type":"Feature","properties":{"section_id":243,"section_name":"San Gabriel (extension)","state":"CA","secondary_state":"","dip_deg":61.0,"dip_dir":"N","rake_deg":180.0,"upper_depth_km":0.0,"lower_depth_km":14.7},"geometry":{"type":"LineString","coordinates":[[-117.631,34.2629],[-117.68,34.235],[-117.743,34.2434],[-117.889,34.2574],[-117.939,34.2492],[-118.035,34.246],[-118.088,34.2533],[-118.136,34.2647],[-118.207,34.2867],[-118.255,34.3009],[-118.28003,34.31781]]}},{"type":"Feature","properties":{"section_id":244,"section_name":"San Gorgonio Pass","state":"CA","secondary_state":"","dip_deg":60.0,"dip_dir":"N","rake_deg":90.0,"upper_depth_km":0.0,"lower_depth_km":18.5},"geometry":{"type":"LineString","coordinates":[[-116.78197,33.94121],[-116.81507,33.93434],[-116.83119,33.9486],[-116.85612,33.94665],[-116.91079,33.92917],[-116.96783,33.98379],[-116.98226,33.99681]]}},{"type":"Feature","properties":{"section_id":245,"section_name":"San Gregorio (north)","state":"CA","secondary_state":"","dip_deg":90.0,"dip_dir":"Vertical","rake_deg":180.0,"upper_depth_km":0.0,"lower_depth_km":11.6},"geometry":{"type":"LineString","coordinates":[[-122.70499,37.93885],[-122.6831,37.89578],[-122.65915,37.85063],[-122.62569,37.78453],[-122.598189,37.721421],[-122.57074,37.6583],[-122.54313,37.59522],[-122.51483,37.52315],[-122.44104,37.42378],[-122.41812,37.37835],[-122.393718,37.316901],[-122.36936,37.25544],[-122.31521,37.16371],[-122.26922,37.08759],[-122.24276,36.98756],[-122.20496,36.92193],[-122.17551,36.85944]]}},{"type":"Feature","properties":{"section_id":246,"section_name":"San Gregorio (south)","state":"CA","secondary_state":"","dip_deg":90.0,"dip_dir":"Vertical","rake_deg":180.0,"upper_depth_km":0.0,"lower_depth_km":11.6},"geometry":{"type":"LineString","coordinates":[[-121.70383,36.15477],[-121.77425,36.24816],[-121.88147,36.33826],[-121.94926,36.41514],[-121.98073,36.480033],[-122.01226,36.54491],[-122.03897,36.59382],[-122.06301,36.64355],[-122.08064,36.68964],[-122.12671,36.76527],[-122.15113,36.80982],[-122.17551,36.85944]]}},{"type":"Feature","properties":{"section_id":247,"section_name":"San Joaquin Hills","state":"CA","secondary_state":"","dip_deg":23.0,"dip_dir":"SW","rake_deg":90.0,"upper_depth_km":2.0,"lower_depth_km":12.4},"geometry":{"type":"LineString","coordinates":[[-117.933,33.695],[-117.823,33.688],[-117.736,33.647],[-117.674,33.597]]}},{"type":"Feature","properties":{"section_id":248,"section_name":"San Jose","state":"CA","secondary_state":"","dip_deg":74.0,"dip_dir":"N","rake_deg":30.0,"upper_depth_km":0.0,"lower_depth_km":15.8},"geometry":{"type":"LineString","coordinates":[[-117.72305,34.09251],[-117.75692,34.0718],[-117.83134,34.05664],[-117.85773,34.04456],[-117.87072,34.03771],[-117.88726,34.03298]]}},{"type":"Feature","properties":{"section_id":249,"section_name":"San Juan","state":"CA","secondary_state":"","dip_deg":90.0,"dip_dir":"Vertical","rake_deg":180.0,"upper_depth_km":0.0,"lower_depth_km":13.0},"geometry":{"type":"LineString","coordinates":[[-120.3719,35.7928],[-120.29537,35.6797],[-120.262223,35.590828],[-120.22916,35.50193],[-120.176981,35.403256],[-120.12495,35.30454],[-120.08205,35.28247],[-120.021296,35.215059],[-119.96066,35.14761]]}},{"type":"Feature","properties":{"section_id":250,"section_name":"San Luis Bay","state":"CA","secondary_state":"","dip_deg":90.0,"dip_dir":"Vertical","rake_deg":90.0,"upper_depth_km":0.0,"lower_depth_km":10.0},"geometry":{"type":"LineString","coordinates":[[-120.73466,35.17192],[-120.79901,35.17522],[-120.88901,35.19322]]}},{"type":"Feature","properties":{"section_id":251,"section_name":"San Luis Range (Oceano)","state":"CA","secondary_state":"","dip_deg":45.0,"dip_dir":"NE","rake_deg":90.0,"upper_depth_km":0.0,"lower_depth_km":12.0},"geometry":{"type":"LineString","coordinates":[[-120.49158,34.99137],[-120.55911,35.05323],[-120.60988,35.08534],[-120.65927,35.12061]]}},{"type":"Feature","properties":{"section_id":252,"section_name":"San Luis Range (Pecho)","state":"CA","secondary_state":"","dip_deg":90.0,"dip_dir":"Vertical","rake_deg":90.0,"upper_depth_km":0.0,"lower_depth_km":12.0},"geometry":{"type":"LineString","coordinates":[[-120.68866,35.03899],[-120.73651,35.10442],[-120.80622,35.14009],[-120.89162,35.19147]]}},{"type":"Feature","properties":{"section_id":253,"section_name":"San Luis Range (extended)","state":"CA","secondary_state":"","dip_deg":45.0,"dip_dir":"N","rake_deg":90.0,"upper_depth_km":0.0,"lower_depth_km":12.0},"geometry":{"type":"LineString","coordinates":[[-119.82984,34.56095],[-119.87916,34.65718],[-120.00004,34.69811],[-120.09032,34.77388],[-120.16385,34.811803],[-120.23746,34.84968],[-120.26933,34.86439],[-120.30979,34.91098],[-120.41399,34.97596],[-120.488714,35.042192],[-120.56358,35.10837],[-120.64449,35.14148],[-120.71314,35.16845],[-120.78795,35.18193]]}},{"type":"Feature","properties":{"section_id":255,"section_name":"San Pedro Basin","state":"CA","secondary_state":"","dip_deg":88.0,"dip_dir":"E","rake_deg":180.0,"upper_depth_km":0.8,"lower_depth_km":12.3},"geometry":{"type":"LineString","coordinates":[[-118.33452,33.47176],[-118.384,33.50261],[-118.46743,33.57773],[-118.50313,33.6401],[-118.58418,33.72966],[-118.65695,33.80832],[-118.69918,33.85585],[-118.73735,33.90043],[-118.79154,33.94896]]}},{"type":"Feature","properties":{"section_id":256,"section_name":"San Pedro Escarpment","state":"CA","secondary_state":"","dip_deg":17.0,"dip_dir":"E","rake_deg":90.0,"upper_depth_km":1.0,"lower_depth_km":16.0},"geometry":{"type":"LineString","coordinates":[[-118.46721,33.7364],[-118.51419,33.7683],[-118.60331,33.79964],[-118.66368,33.84934],[-118.68807,33.88057]]}},{"type":"Feature","properties":{"section_id":257,"section_name":"San Vicente","state":"CA","secondary_state":"","dip_deg":66.0,"dip_dir":"N","rake_deg":90.0,"upper_depth_km":1.6,"lower_depth_km":17.0},"geometry":{"type":"LineString","coordinates":[[-118.30726,34.05944],[-118.40257,34.06935]]}},{"type":"Feature","properties":{"section_id":260,"section_name":"Santa Cruz Island","state":"CA","secondary_state":"","dip_deg":90.0,"dip_dir":"Vertical","rake_deg":30.0,"upper_depth_km":0.0,"lower_depth_km":13.3},"geometry":{"type":"LineString","coordinates":[[-119.26,33.9828],[-119.347,33.9785],[-119.515,33.9871],[-119.612,33.9857],[-119.725,34.0048],[-119.778,34.0155],[-119.874,34.0314],[-119.994,34.0727]]}},{"type":"Feature","properties":{"section_id":261,"section_name":"Santa Monica Bay","state":"CA","secondary_state":"","dip_deg":20.0,"dip_dir":"E","rake_deg":90.0,"upper_depth_km":2.3,"lower_depth_km":18.0},"geometry":{"type":"LineString","coordinates":[[-118.78547,33.76722],[-118.850981,33.820381],[-118.91659,33.8735]]}},{"type":"Feature","properties":{"section_id":262,"section_name":"Santa Monica","state":"CA","secondary_state":"","dip_deg":75.0,"dip_dir":"N","rake_deg":30.0,"upper_depth_km":0.0,"lower_depth_km":17.9},"geometry":{"type":"LineString","coordinates":[[-118.41177,34.06908],[-118.45583,34.04205],[-118.47493,34.0356],[-118.4813,34.03156],[-118.52473,34.03043],[-118.55442,34.03243]]}},{"type":"Feature","properties":{"section_id":264,"section_name":"Santa Rosa Island","state":"CA","secondary_state":"","dip_deg":90.0,"dip_dir":"Vertical","rake_deg":30.0,"upper_depth_km":0.0,"lower_depth_km":8.7},"geometry":{"type":"LineString","coordinates":[[-120.511,34.0199],[-120.43,33.9873],[-120.358,33.9873],[-120.3,33.9844],[-120.23,33.9833],[-120.18,33.9722],[-120.111,33.9714],[-119.966,33.9855],[-119.906,34.0112]]}},{"type":"Feature","properties":{"section_id":265,"section_name":"Santa Susana (east, connector)","state":"CA","secondary_state":"","dip_deg":55.0,"dip_dir":"N","rake_deg":90.0,"upper_depth_km":0.0,"lower_depth_km":16.3},"geometry":{"type":"LineString","coordinates":[[-118.41531,34.3018],[-118.45705,34.32905]]}},{"type":"Feature","properties":{"section_id":266,"section_name":"Santa Susana","state":"CA","secondary_state":"","dip_deg":55.0,"dip_dir":"N","rake_deg":90.0,"upper_depth_km":0.0,"lower_depth_km":16.3},"geometry":{"type":"LineString","coordinates":[[-118.34647,34.31416],[-118.40267,34.32968],[-118.4891,34.32845],[-118.51861,34.30337],[-118.54878,34.29675],[-118.57281,34.30535],[-118.61158,34.31025],[-118.63049,34.33446],[-118.6409,34.33578],[-118.66894,34.34703],[-118.68763,34.34857],[-118.69858,34.34527],[-118.70633,34.34857],[-118.71994,34.34438],[-118.73516,34.34747],[-118.77468,34.3748],[-118.8134,34.3823]]}},{"type":"Feature","properties":{"section_id":268,"section_name":"Santa Ynez (east)","state":"CA","secondary_state":"","dip_deg":70.0,"dip_dir":"S","rake_deg":0.0,"upper_depth_km":0.0,"lower_depth_km":13.3},"geometry":{"type":"LineString","coordinates":[[-119.636,34.4992],[-119.553,34.488],[-119.501,34.4888],[-119.435,34.4987],[-119.32,34.5067],[-119.23,34.5293],[-119.164,34.5315],[-119.059028,34.550644],[-118.954,34.5697],[-118.904,34.5839]]}},{"type":"Feature","properties":{"section_id":269,"section_name":"Santa Ynez (west)","state":"CA","secondary_state":"","dip_deg":70.0,"dip_dir":"S","rake_deg":0.0,"upper_depth_km":0.0,"lower_depth_km":9.2},"geometry":{"type":"LineString","coordinates":[[-120.48339,34.5126],[-120.395195,34.512381],[-120.307,34.5121],[-120.263,34.5147],[-120.208,34.5239],[-120.12,34.5442],[-120.031,34.5618],[-119.977,34.5603],[-119.935,34.5474],[-119.867,34.5533],[-119.806,34.5484],[-119.732,34.5205],[-119.6355,34.4992]]}},{"type":"Feature","properties":{"section_id":270,"section_name":"Santa Ynez River","state":"CA","secondary_state":"","dip_deg":70.0,"dip_dir":"S","rake_deg":45.0,"upper_depth_km":0.0,"lower_depth_km":12.0},"geometry":{"type":"LineString","coordinates":[[-120.667,34.6554],[-120.5497,34.6354],[-120.408,34.6484],[-120.3257,34.65],[-120.2388,34.6129],[-120.1144,34.58],[-120.0249,34.5817],[-119.8974,34.5508]]}},{"type":"Feature","properties":{"section_id":271,"section_name":"Sargent","state":"CA","secondary_state":"","dip_deg":90.0,"dip_dir":"Vertical","rake_deg":180.0,"upper_depth_km":0.0,"lower_depth_km":12.0},"geometry":{"type":"LineString","coordinates":[[-121.95018,37.13935],[-121.85278,37.10788],[-121.77617,37.08027],[-121.68031,37.00954],[-121.62556,36.97964],[-121.52101,36.91338],[-121.41184,36.8707]]}},{"type":"Feature","properties":{"section_id":272,"section_name":"Scodie Lineament (seismicity)","state":"CA","secondary_state":"","dip_deg":68.0,"dip_dir":"SE","rake_deg":0.0,"upper_depth_km":7.0,"lower_depth_km":12.9},"geometry":{"type":"LineString","coordinates":[[-118.10613,35.67206],[-118.00439,35.76803]]}},{"type":"Feature","properties":{"section_id":273,"section_name":"Sheephole","state":"CA","secondary_state":"","dip_deg":90.0,"dip_dir":"Vertical","rake_deg":180.0,"upper_depth_km":0.0,"lower_depth_km":13.0},"geometry":{"type":"LineString","coordinates":[[-115.62904,34.13881],[-115.684201,34.1893],[-115.73944,34.23976]]}},{"type":"Feature","properties":{"section_id":274,"section_name":"Shoreline","state":"CA","secondary_state":"","dip_deg":90.0,"dip_dir":"Vertical","rake_deg":180.0,"upper_depth_km":0.0,"lower_depth_km":12.0},"geometry":{"type":"LineString","coordinates":[[-120.742,35.132],[-120.799,35.177],[-120.874,35.213],[-120.906,35.235],[-120.937,35.256]]}},{"type":"Feature","properties":{"section_id":275,"section_name":"Sierra Madre","state":"CA","secondary_state":"","dip_deg":53.0,"dip_dir":"N","rake_deg":90.0,"upper_depth_km":0.0,"lower_depth_km":14.2},"geometry":{"type":"LineString","coordinates":[[-117.74,34.1231],[-117.755,34.1219],[-117.769,34.1317],[-117.807,34.1305],[-117.818,34.1323],[-117.86,34.1587],[-117.881,34.147],[-117.94,34.1501],[-117.985,34.1611],[-118.003,34.1752],[-118.068,34.1758],[-118.112,34.201],[-118.149,34.2028],[-118.18902,34.21074],[-118.22268,34.23489],[-118.26234,34.24946],[-118.27932,34.25849],[-118.29,34.2751]]}},{"type":"Feature","properties":{"section_id":276,"section_name":"Sierra Madre (San Fernando)","state":"CA","secondary_state":"","dip_deg":45.0,"dip_dir":"N","rake_deg":90.0,"upper_depth_km":0.0,"lower_depth_km":13.0},"geometry":{"type":"LineString","coordinates":[[-118.2951,34.2782],[-118.3278,34.2729],[-118.411,34.29],[-118.41531,34.3018],[-118.4889,34.284]]}},{"type":"Feature","properties":{"section_id":277,"section_name":"Sierra Nevada (north)","state":"CA","secondary_state":"","dip_deg":50.0,"dip_dir":"E","rake_deg":-90.0,"upper_depth_km":0.0,"lower_depth_km":13.8},"geometry":{"type":"LineString","coordinates":[[-117.99,36.2193],[-118.03889,36.29331],[-118.03034,36.35179],[-118.0317,36.40818],[-118.092,36.5015]]}},{"type":"Feature","properties":{"section_id":278,"section_name":"Sierra Nevada (south)","state":"CA","secondary_state":"","dip_deg":50.0,"dip_dir":"E","rake_deg":-90.0,"upper_depth_km":0.0,"lower_depth_km":13.6},"geometry":{"type":"LineString","coordinates":[[-118.023,35.2943],[-118.04,35.347],[-118.051,35.4261],[-118.034,35.5384],[-118.004,35.568],[-117.909,35.61],[-117.869,35.6839],[-117.89598,35.75828],[-117.90397,35.846198],[-117.91198,35.9341],[-117.94594,35.97259],[-117.985,36.08],[-118.009,36.124],[-117.99,36.2193]]}},{"type":"Feature","properties":{"section_id":279,"section_name":"Silver Creek","state":"CA","secondary_state":"","dip_deg":75.0,"dip_dir":"W","rake_deg":180.0,"upper_depth_km":0.0,"lower_depth_km":11.1},"geometry":{"type":"LineString","coordinates":[[-121.962,37.502],[-121.94148,37.42088],[-121.89906,37.36411],[-121.824729,37.317913],[-121.7505,37.27167],[-121.70093,37.21722],[-121.6343,37.17361]]}},{"type":"Feature","properties":{"section_id":280,"section_name":"Simi - Santa Rosa","state":"CA","secondary_state":"","dip_deg":60.0,"dip_dir":"N","rake_deg":30.0,"upper_depth_km":1.0,"lower_depth_km":12.1},"geometry":{"type":"LineString","coordinates":[[-118.696,34.3038],[-118.758,34.2835],[-118.836,34.2708],[-118.885,34.2523],[-118.951,34.2468],[-119.0,34.2346],[-119.043,34.2422],[-119.1,34.2168]]}},{"type":"Feature","properties":{"section_id":281,"section_name":"Sisar","state":"CA","secondary_state":"","dip_deg":29.0,"dip_dir":"S","rake_deg":90.0,"upper_depth_km":0.0,"lower_depth_km":17.4},"geometry":{"type":"LineString","coordinates":[[-119.28867,34.3973],[-119.12874,34.42762],[-119.07664,34.43539]]}},{"type":"Feature","properties":{"section_id":282,"section_name":"Skinner Flat","state":"CA","secondary_state":"","dip_deg":90.0,"dip_dir":"Vertical","rake_deg":-135.0,"upper_depth_km":0.0,"lower_depth_km":10.0},"geometry":{"type":"LineString","coordinates":[[-120.96811,40.08853],[-121.04058,40.11515],[-121.08078,40.15228]]}},{"type":"Feature","properties":{"section_id":283,"section_name":"Superstition Hills","state":"CA","secondary_state":"","dip_deg":90.0,"dip_dir":"Vertical","rake_deg":180.0,"upper_depth_km":0.0,"lower_depth_km":12.6},"geometry":{"type":"LineString","coordinates":[[-115.895,33.0344],[-115.80239,33.00819],[-115.733143,32.954068],[-115.664,32.8999],[-115.60525,32.82889],[-115.57744,32.80352],[-115.5295,32.76571],[-115.49399,32.73834],[-115.48216,32.72689]]}},{"type":"Feature","properties":{"section_id":284,"section_name":"Surprise Valley","state":"CA","secondary_state":"","dip_deg":50.0,"dip_dir":"E","rake_deg":-90.0,"upper_depth_km":0.0,"lower_depth_km":8.5},"geometry":{"type":"LineString","coordinates":[[-120.03766,41.16615],[-120.086927,41.241186],[-120.13631,41.3162],[-120.15108,41.41223],[-120.1984,41.50288],[-120.18162,41.58297],[-120.22702,41.67057],[-120.20292,41.71606],[-120.17803,41.76672],[-120.170304,41.837557],[-120.16256,41.90839]]}},{"type":"Feature","properties":{"section_id":285,"section_name":"Swain Ravine - Spenceville","state":"CA","secondary_state":"","dip_deg":60.0,"dip_dir":"E","rake_deg":90.0,"upper_depth_km":0.0,"lower_depth_km":12.0},"geometry":{"type":"LineString","coordinates":[[-120.92989,38.71749],[-121.02319,38.809186],[-121.116749,38.900806],[-121.21057,38.99235],[-121.26584,39.06952],[-121.31983,39.18731],[-121.35048,39.23913],[-121.390807,39.316775],[-121.43123,39.3944],[-121.447288,39.463059],[-121.46338,39.53171]]}},{"type":"Feature","properties":{"section_id":286,"section_name":"Table Bluff","state":"CA","secondary_state":"","dip_deg":45.0,"dip_dir":"N","rake_deg":90.0,"upper_depth_km":0.0,"lower_depth_km":13.0},"geometry":{"type":"LineString","coordinates":[[-124.17977,40.64778],[-124.282,40.696],[-124.378493,40.697033],[-124.47499,40.698],[-124.576891,40.763039],[-124.679,40.828]]}},{"type":"Feature","properties":{"section_id":287,"section_name":"Tank Canyon","state":"CA","secondary_state":"","dip_deg":50.0,"dip_dir":"W","rake_deg":-90.0,"upper_depth_km":0.0,"lower_depth_km":8.3},"geometry":{"type":"LineString","coordinates":[[-117.196,35.91796],[-117.25552,35.86348],[-117.2524,35.80467],[-117.2634,35.78965],[-117.2363,35.75511],[-117.22935,35.74856],[-117.21721,35.6805],[-117.25269,35.64161]]}},{"type":"Feature","properties":{"section_id":289,"section_name":"Tin Mountain","state":"CA","secondary_state":"","dip_deg":50.0,"dip_dir":"W","rake_deg":-90.0,"upper_depth_km":0.0,"lower_depth_km":13.0},"geometry":{"type":"LineString","coordinates":[[-117.45132,37.02513],[-117.47617,36.93062],[-117.48989,36.87013],[-117.48476,36.80141],[-117.53875,36.73244],[-117.54048,36.71052]]}},{"type":"Feature","properties":{"section_id":290,"section_name":"Towne Pass","state":"CA","secondary_state":"","dip_deg":50.0,"dip_dir":"W","rake_deg":-90.0,"upper_depth_km":0.0,"lower_depth_km":13.0},"geometry":{"type":"LineString","coordinates":[[-117.11255,36.59229],[-117.20594,36.54908],[-117.20933,36.4888],[-117.23674,36.43412],[-117.25182,36.42547],[-117.26948,36.39168],[-117.26208,36.30408],[-117.22291,36.25892],[-117.2326,36.23879]]}},{"type":"Feature","properties":{"section_id":291,"section_name":"Trinidad","state":"CA","secondary_state":"","dip_deg":35.0,"dip_dir":"NE","rake_deg":90.0,"upper_depth_km":0.0,"lower_depth_km":13.0},"geometry":{"type":"LineString","coordinates":[[-123.841,40.79],[-123.92214,40.85427],[-123.99941,40.93652],[-124.02867,40.98205],[-124.11172,41.04041],[-124.181105,41.113889],[-124.25065,41.18733],[-124.31861,41.24423],[-124.343,41.297],[-124.368469,41.373004],[-124.394,41.449]]}},{"type":"Feature","properties":{"section_id":293,"section_name":"Verdugo","state":"CA","secondary_state":"","dip_deg":55.0,"dip_dir":"NE","rake_deg":90.0,"upper_depth_km":0.0,"lower_depth_km":14.5},"geometry":{"type":"LineString","coordinates":[[-118.12975,34.1187],[-118.18648,34.1496],[-118.22854,34.15508],[-118.29071,34.19714],[-118.36569,34.22274],[-118.40775,34.25383],[-118.42055,34.26115]]}},{"type":"Feature","properties":{"section_id":294,"section_name":"Walker Spring","state":"CA","secondary_state":"","dip_deg":90.0,"dip_dir":"Vertical","rake_deg":-90.0,"upper_depth_km":0.0,"lower_depth_km":10.0},"geometry":{"type":"LineString","coordinates":[[-121.02111,40.22883],[-121.0352,40.2887],[-121.06765,40.33295],[-121.06688,40.42177],[-121.08739,40.49447]]}},{"type":"Feature","properties":{"section_id":295,"section_name":"West Napa","state":"CA","secondary_state":"","dip_deg":75.0,"dip_dir":"E","rake_deg":180.0,"upper_depth_km":0.0,"lower_depth_km":13.2},"geometry":{"type":"LineString","coordinates":[[-122.24451,38.16441],[-122.2825,38.21706],[-122.32023,38.30753],[-122.38096,38.37192],[-122.431688,38.439448],[-122.48252,38.50695]]}},{"type":"Feature","properties":{"section_id":296,"section_name":"West Tahoe","state":"CA","secondary_state":"","dip_deg":50.0,"dip_dir":"E","rake_deg":-90.0,"upper_depth_km":0.0,"lower_depth_km":13.0},"geometry":{"type":"LineString","coordinates":[[-120.00645,38.74818],[-120.02217,38.81529],[-120.05867,38.88471],[-120.07408,38.96611],[-120.08786,38.99956],[-120.10571,39.09801],[-120.08786,39.18257],[-120.1049,39.21034],[-120.10895,39.23432],[-120.12031,39.26209]]}},{"type":"Feature","properties":{"section_id":297,"section_name":"White Mountains","state":"CA","secondary_state":"NV","dip_deg":90.0,"dip_dir":"Vertical","rake_deg":-135.0,"upper_depth_km":0.0,"lower_depth_km":13.0},"geometry":{"type":"LineString","coordinates":[[-118.16626,37.02209],[-118.16659,37.03976],[-118.18756,37.06858],[-118.22367,37.17188],[-118.25827,37.24149],[-118.27922,37.30249],[-118.29302,37.33345],[-118.30515,37.37849],[-118.31811,37.43014],[-118.33015,37.48475],[-118.3357,37.52754],[-118.34866,37.57551],[-118.36718,37.66848],[-118.37551,37.73563],[-118.41131,37.78391],[-118.42905,37.83149],[-118.41348,37.86992],[-118.39831,37.88697]]}},{"type":"Feature","properties":{"section_id":298,"section_name":"White Wolf","state":"CA","secondary_state":"","dip_deg":75.0,"dip_dir":"S","rake_deg":60.0,"upper_depth_km":0.0,"lower_depth_km":14.6},"geometry":{"type":"LineString","coordinates":[[-119.007,35.0276],[-118.909083,35.087041],[-118.811,35.1464],[-118.779,35.1776],[-118.735,35.2097],[-118.672,35.2322],[-118.602,35.2673],[-118.538,35.3204],[-118.487,35.3711],[-118.47083,35.38391]]}},{"type":"Feature","properties":{"section_id":299,"section_name":"White Wolf (extension)","state":"CA","secondary_state":"","dip_deg":75.0,"dip_dir":"SE","rake_deg":60.0,"upper_depth_km":0.0,"lower_depth_km":14.6},"geometry":{"type":"LineString","coordinates":[[-118.47083,35.38391],[-118.380155,35.456045],[-118.289292,35.528105],[-118.19824,35.60009],[-118.107,35.672]]}},{"type":"Feature","properties":{"section_id":300,"section_name":"Whittier","state":"CA","secondary_state":"","dip_deg":70.0,"dip_dir":"N","rake_deg":150.0,"upper_depth_km":0.0,"lower_depth_km":12.4},"geometry":{"type":"LineString","coordinates":[[-117.59,33.8289],[-117.636,33.8511],[-117.717,33.8733],[-117.792,33.9074],[-117.852,33.9297],[-117.992,33.9712],[-118.048,33.995]]}},{"type":"Feature","properties":{"section_id":303,"section_name":"Yorba Linda","state":"CA","secondary_state":"","dip_deg":90.0,"dip_dir":"Vertical","rake_deg":90.0,"upper_depth_km":0.0,"lower_depth_km":13.3},"geometry":{"type":"LineString","coordinates":[[-117.71922,33.9309],[-117.803948,33.89471],[-117.88859,33.85846]]}},{"type":"Feature","properties":{"section_id":304,"section_name":"Zayante - Vergeles","state":"CA","secondary_state":"","dip_deg":90.0,"dip_dir":"Vertical","rake_deg":150.0,"upper_depth_km":0.0,"lower_depth_km":12.0},"geometry":{"type":"LineString","coordinates":[[-122.32902,37.18723],[-122.27512,37.16908],[-122.21799,37.16386],[-122.06613,37.11188],[-121.9828,37.09912],[-121.88691,37.03836],[-121.78833,36.95468],[-121.74411,36.92647],[-121.68084,36.87895],[-121.63076,36.83695],[-121.56312,36.80911],[-121.46917,36.79985]]}},{"type":"Feature","properties":{"section_id":310,"section_name":"Airport Lake (south)","state":"CA","secondary_state":"","dip_deg":50.0,"dip_dir":"E","rake_deg":-90.0,"upper_depth_km":0.0,"lower_depth_km":13.0},"geometry":{"type":"LineString","coordinates":[[-117.68011,35.70441],[-117.70466,35.78175],[-117.70328,35.83729],[-117.72198,35.88355],[-117.71005,35.9132],[-117.67384,35.95845]]}},{"type":"Feature","properties":{"section_id":311,"section_name":"Bear Creek","state":"CA","secondary_state":"","dip_deg":60.0,"dip_dir":"N","rake_deg":90.0,"upper_depth_km":0.0,"lower_depth_km":15.0},"geometry":{"type":"LineString","coordinates":[[-122.05438,40.50889],[-122.13028,40.49309],[-122.21871,40.46584]]}},{"type":"Feature","properties":{"section_id":312,"section_name":"Catalina","state":"CA","secondary_state":"","dip_deg":90.0,"dip_dir":"E","rake_deg":135.0,"upper_depth_km":0.0,"lower_depth_km":11.0},"geometry":{"type":"LineString","coordinates":[[-118.52111,33.3013],[-118.60049,33.33569],[-118.66885,33.37498],[-118.72177,33.40751],[-118.76513,33.44738],[-118.815061,33.518171],[-118.86509,33.58893],[-118.87832,33.62321]]}},{"type":"Feature","properties":{"section_id":313,"section_name":"Chico Monocline","state":"CA","secondary_state":"","dip_deg":60.0,"dip_dir":"NE","rake_deg":90.0,"upper_depth_km":0.0,"lower_depth_km":15.0},"geometry":{"type":"LineString","coordinates":[[-121.68646,39.6529],[-121.70739,39.67865],[-121.72519,39.70174],[-121.73545,39.71457],[-121.75707,39.74237],[-121.7694,39.75921],[-121.78724,39.78388],[-121.80649,39.81199],[-121.82047,39.83453],[-121.83745,39.86158],[-121.8539,39.88729],[-121.86418,39.9028],[-121.88164,39.92974],[-121.90116,39.95722],[-121.93046,40.00018],[-121.94002,40.01585],[-121.96139,40.04402],[-122.02104,40.11688],[-122.0876,40.18583]]}},{"type":"Feature","properties":{"section_id":314,"section_name":"Cohasset Ridge","state":"CA","secondary_state":"","dip_deg":60.0,"dip_dir":"E","rake_deg":90.0,"upper_depth_km":0.0,"lower_depth_km":15.0},"geometry":{"type":"LineString","coordinates":[[-121.57459,39.90929],[-121.6099,39.93637],[-121.63723,39.97741],[-121.66115,39.99224],[-121.67368,40.01406],[-121.70444,40.12911]]}},{"type":"Feature","properties":{"section_id":315,"section_name":"Corning","state":"CA","secondary_state":"","dip_deg":75.0,"dip_dir":"W","rake_deg":90.0,"upper_depth_km":0.0,"lower_depth_km":15.0},"geometry":{"type":"LineString","coordinates":[[-122.22543,40.15983],[-122.21348,40.10422],[-122.21084,40.04999],[-122.20107,39.97834],[-122.19782,39.93239],[-122.1965,39.80349],[-122.19771,39.71472],[-122.19942,39.70028],[-122.19681,39.68162],[-122.1936,39.67282],[-122.18609,39.66175],[-122.17702,39.65226],[-122.15046,39.61868],[-122.13819,39.59933],[-122.13113,39.58456],[-122.12701,39.57312]]}},{"type":"Feature","properties":{"section_id":316,"section_name":"Crafton Hills","state":"CA","secondary_state":"","dip_deg":50.0,"dip_dir":"SE","rake_deg":-90.0,"upper_depth_km":0.0,"lower_depth_km":15.0},"geometry":{"type":"LineString","coordinates":[[-117.24844,34.03819],[-117.23881,34.03116],[-117.20336,34.02446],[-117.16791,34.00498],[-117.1393,34.00854],[-117.10896,34.0152],[-117.08931,34.01967],[-117.07168,34.03291],[-117.03884,34.04745],[-117.0138,34.06412]]}},{"type":"Feature","properties":{"section_id":317,"section_name":"Extra","state":"CA","secondary_state":"","dip_deg":90.0,"dip_dir":"Vertical","rake_deg":0.0,"upper_depth_km":0.0,"lower_depth_km":15.0},"geometry":{"type":"LineString","coordinates":[[-115.99028,33.08753],[-115.92915,33.11862],[-115.83965,33.19263],[-115.79817,33.22185],[-115.78206,33.26061],[-115.74797,33.30764],[-115.71631,33.34321]]}},{"type":"Feature","properties":{"section_id":318,"section_name":"Grizzly Valley","state":"CA","secondary_state":"","dip_deg":90.0,"dip_dir":"Vertical","rake_deg":180.0,"upper_depth_km":0.0,"lower_depth_km":15.0},"geometry":{"type":"LineString","coordinates":[[-120.5864,40.00826],[-120.56169,39.97155],[-120.51917,39.93678],[-120.44868,39.87673],[-120.39694,39.83633],[-120.317191,39.796429],[-120.23754,39.75648]]}},{"type":"Feature","properties":{"section_id":319,"section_name":"Grogan","state":"CA","secondary_state":"","dip_deg":90.0,"dip_dir":"Vertical","rake_deg":180.0,"upper_depth_km":0.0,"lower_depth_km":15.0},"geometry":{"type":"LineString","coordinates":[[-124.2301,41.60215],[-124.18523,41.53187],[-124.15756,41.50248],[-124.13174,41.46492],[-124.08946,41.41536],[-124.07008,41.38291],[-124.05048,41.33332],[-124.03857,41.31326],[-124.02087,41.27822],[-124.005,41.25435],[-124.00154,41.2344],[-123.979,41.20071],[-123.93798,41.15741],[-123.93457,41.14613]]}},{"type":"Feature","properties":{"section_id":320,"section_name":"Independence (north)","state":"CA","secondary_state":"","dip_deg":50.0,"dip_dir":"E","rake_deg":-90.0,"upper_depth_km":0.0,"lower_depth_km":15.0},"geometry":{"type":"LineString","coordinates":[[-118.3463,37.05223],[-118.35684,37.12371],[-118.34761,37.19093]]}},{"type":"Feature","properties":{"section_id":321,"section_name":"Inks Creek - Hooker Dome","state":"CA","secondary_state":"","dip_deg":60.0,"dip_dir":"N","rake_deg":90.0,"upper_depth_km":0.0,"lower_depth_km":15.0},"geometry":{"type":"LineString","coordinates":[[-122.0558,40.41344],[-122.09724,40.37642],[-122.16894,40.32403],[-122.27232,40.26731],[-122.3567,40.22848]]}},{"type":"Feature","properties":{"section_id":322,"section_name":"Lake Peak","state":"CA","secondary_state":"","dip_deg":90.0,"dip_dir":"Vertical","rake_deg":180.0,"upper_depth_km":0.0,"lower_depth_km":15.0},"geometry":{"type":"LineString","coordinates":[[-116.86105,34.15522],[-116.84114,34.12553],[-116.83197,34.1152],[-116.80273,34.10264],[-116.77271,34.08589]]}},{"type":"Feature","properties":{"section_id":323,"section_name":"Lausuen Knoll","state":"CA","secondary_state":"","dip_deg":23.0,"dip_dir":"E","rake_deg":90.0,"upper_depth_km":1.0,"lower_depth_km":8.3},"geometry":{"type":"LineString","coordinates":[[-117.74245,33.2995],[-117.76488,33.31357],[-117.80044,33.33917],[-117.85345,33.36528],[-117.90881,33.41025],[-117.93932,33.43341],[-117.97911,33.45228],[-118.02596,33.47412],[-118.05695,33.493],[-118.09439,33.53392]]}},{"type":"Feature","properties":{"section_id":324,"section_name":"Lost Man","state":"CA","secondary_state":"","dip_deg":35.0,"dip_dir":"NE","rake_deg":90.0,"upper_depth_km":0.0,"lower_depth_km":15.0},"geometry":{"type":"LineString","coordinates":[[-123.98588,41.31507],[-123.99049,41.34936],[-124.03812,41.44682],[-124.08028,41.48255],[-124.08955,41.50103],[-124.164793,41.561486],[-124.24018,41.6219],[-124.26898,41.66882],[-124.29782,41.69119],[-124.32305,41.72405],[-124.33253,41.74854],[-124.34055,41.80305]]}},{"type":"Feature","properties":{"section_id":325,"section_name":"Mayfield","state":"CA","secondary_state":"","dip_deg":60.0,"dip_dir":"W","rake_deg":-90.0,"upper_depth_km":0.0,"lower_depth_km":9.6},"geometry":{"type":"LineString","coordinates":[[-121.64394,41.46185],[-121.596293,41.400149],[-121.54874,41.33843],[-121.53926,41.25469],[-121.51355,41.19756]]}},{"type":"Feature","properties":{"section_id":326,"section_name":"McArthur","state":"CA","secondary_state":"","dip_deg":60.0,"dip_dir":"W","rake_deg":-90.0,"upper_depth_km":0.0,"lower_depth_km":15.0},"geometry":{"type":"LineString","coordinates":[[-121.43104,41.12735],[-121.4053,41.07643],[-121.36261,40.99755],[-121.34333,40.94698],[-121.35892,40.90276],[-121.35518,40.79942],[-121.31535,40.72883],[-121.31643,40.67166],[-121.28089,40.63587]]}},{"type":"Feature","properties":{"section_id":327,"section_name":"Mid Channel","state":"CA","secondary_state":"","dip_deg":21.0,"dip_dir":"N","rake_deg":90.0,"upper_depth_km":4.8,"lower_depth_km":12.5},"geometry":{"type":"LineString","coordinates":[[-119.45801,34.17626],[-119.46893,34.17553],[-119.47738,34.1748],[-119.49006,34.17509],[-119.50115,34.17597],[-119.52087,34.17946],[-119.54481,34.18543],[-119.5596,34.18835],[-119.5971,34.19009],[-119.63548,34.20072],[-119.70186,34.20233],[-119.71506,34.20422],[-119.72528,34.20684],[-119.73778,34.21485],[-119.75996,34.22504],[-119.77242,34.22871],[-119.78069,34.23239],[-119.78773,34.23492],[-119.79478,34.23746],[-119.80182,34.23999],[-119.81016,34.24274],[-119.83813,34.25851],[-119.8538,34.26477],[-119.86085,34.26463],[-119.89571,34.26201]]}},{"type":"Feature","properties":{"section_id":328,"section_name":"Midway","state":"CA","secondary_state":"","dip_deg":60.0,"dip_dir":"W","rake_deg":90.0,"upper_depth_km":0.0,"lower_depth_km":15.0},"geometry":{"type":"LineString","coordinates":[[-121.63457,37.77607],[-121.59942,37.75239],[-121.53233,37.69357]]}},{"type":"Feature","properties":{"section_id":329,"section_name":"Murrieta Hot Springs","state":"CA","secondary_state":"","dip_deg":90.0,"dip_dir":"Vertical","rake_deg":180.0,"upper_depth_km":0.0,"lower_depth_km":14.2},"geometry":{"type":"LineString","coordinates":[[-117.20388,33.55832],[-117.16374,33.56125],[-117.09754,33.54951],[-117.0581,33.54012]]}},{"type":"Feature","properties":{"section_id":330,"section_name":"Noyo Basin","state":"CA","secondary_state":"","dip_deg":75.0,"dip_dir":"W","rake_deg":-45.0,"upper_depth_km":0.0,"lower_depth_km":15.0},"geometry":{"type":"LineString","coordinates":[[-123.92909,39.83925],[-123.89454,39.719518],[-123.860117,39.599762],[-123.82582,39.47998]]}},{"type":"Feature","properties":{"section_id":331,"section_name":"Paxton Ranch","state":"CA","secondary_state":"","dip_deg":90.0,"dip_dir":"Vertical","rake_deg":180.0,"upper_depth_km":0.0,"lower_depth_km":15.0},"geometry":{"type":"LineString","coordinates":[[-117.37007,35.57176],[-117.39939,35.59268],[-117.41559,35.61058],[-117.44292,35.63319],[-117.4603,35.64025],[-117.47397,35.6412],[-117.49327,35.6582],[-117.55259,35.69994],[-117.57358,35.72335],[-117.6008,35.76561],[-117.6137,35.79066],[-117.6182,35.80999],[-117.64288,35.8349],[-117.67747,35.85856]]}},{"type":"Feature","properties":{"section_id":332,"section_name":"Pfieffer Point","state":"CA","secondary_state":"","dip_deg":90.0,"dip_dir":"Vertical","rake_deg":180.0,"upper_depth_km":0.0,"lower_depth_km":15.0},"geometry":{"type":"LineString","coordinates":[[-121.71989,36.16107],[-121.78469,36.17016],[-121.80511,36.18096],[-121.84103,36.1929],[-121.89877,36.22302],[-121.99677,36.23876]]}},{"type":"Feature","properties":{"section_id":333,"section_name":"Pitas Point","state":"CA","secondary_state":"","dip_deg":64.0,"dip_dir":"N","rake_deg":60.0,"upper_depth_km":1.1,"lower_depth_km":15.0},"geometry":{"type":"LineString","coordinates":[[-119.0089,34.411],[-119.07298,34.37641],[-119.18801,34.28372],[-119.31885,34.28342],[-119.413,34.3077],[-119.463,34.3027],[-119.593,34.2974]]}},{"type":"Feature","properties":{"section_id":334,"section_name":"Red Bluff","state":"CA","secondary_state":"","dip_deg":60.0,"dip_dir":"N","rake_deg":90.0,"upper_depth_km":0.0,"lower_depth_km":15.0},"geometry":{"type":"LineString","coordinates":[[-122.03508,40.28712],[-122.15733,40.22171],[-122.18964,40.19964],[-122.23353,40.18252],[-122.28104,40.17086],[-122.36225,40.10876],[-122.39887,40.08925]]}},{"type":"Feature","properties":{"section_id":335,"section_name":"Red Hill","state":"CA","secondary_state":"","dip_deg":45.0,"dip_dir":"N","rake_deg":90.0,"upper_depth_km":0.0,"lower_depth_km":13.0},"geometry":{"type":"LineString","coordinates":[[-117.49646,34.16763],[-117.51481,34.15674],[-117.52537,34.15091],[-117.56023,34.13284],[-117.59403,34.1171],[-117.62784,34.10106]]}},{"type":"Feature","properties":{"section_id":336,"section_name":"Reservoir Canyon","state":"CA","secondary_state":"","dip_deg":50.0,"dip_dir":"NW","rake_deg":-90.0,"upper_depth_km":0.0,"lower_depth_km":15.0},"geometry":{"type":"LineString","coordinates":[[-117.1031,34.09745],[-117.09575,34.07919],[-117.10972,34.0591],[-117.12295,34.04448],[-117.16852,34.02804],[-117.19204,34.03047]]}},{"type":"Feature","properties":{"section_id":337,"section_name":"Robinson Creek (south)","state":"CA","secondary_state":"","dip_deg":50.0,"dip_dir":"E","rake_deg":-90.0,"upper_depth_km":0.0,"lower_depth_km":15.0},"geometry":{"type":"LineString","coordinates":[[-119.24399,38.13445],[-119.2829,38.15882],[-119.30105,38.18322]]}},{"type":"Feature","properties":{"section_id":338,"section_name":"Salt Wells Valley","state":"CA","secondary_state":"","dip_deg":90.0,"dip_dir":"Vertical","rake_deg":0.0,"upper_depth_km":0.0,"lower_depth_km":15.0},"geometry":{"type":"LineString","coordinates":[[-117.48631,35.71882],[-117.51643,35.67434],[-117.54175,35.63819],[-117.56666,35.62445],[-117.64926,35.56373]]}},{"type":"Feature","properties":{"section_id":339,"section_name":"San Felipe","state":"CA","secondary_state":"","dip_deg":90.0,"dip_dir":"Vertical","rake_deg":180.0,"upper_depth_km":0.0,"lower_depth_km":15.0},"geometry":{"type":"LineString","coordinates":[[-117.07628,33.55335],[-117.05644,33.54859],[-117.00317,33.53249],[-116.95246,33.50783],[-116.88159,33.43024],[-116.789811,33.37178],[-116.698181,33.313243],[-116.6067,33.25463],[-116.5479,33.21344],[-116.47146,33.15377],[-116.39208,33.14515],[-116.28035,33.11561],[-116.23804,33.12227],[-116.16819,33.1113],[-116.10707,33.0793],[-116.05577,33.03996],[-116.04594,33.03356],[-115.96845,32.99512]]}},{"type":"Feature","properties":{"section_id":340,"section_name":"San Mateo","state":"CA","secondary_state":"","dip_deg":45.0,"dip_dir":"NE","rake_deg":135.0,"upper_depth_km":0.0,"lower_depth_km":15.0},"geometry":{"type":"LineString","coordinates":[[-117.54826,33.1595],[-117.56516,33.18249],[-117.58065,33.20489],[-117.59474,33.22315],[-117.63277,33.24259],[-117.65671,33.25967],[-117.66728,33.27675],[-117.6877,33.29029],[-117.69615,33.29618]]}},{"type":"Feature","properties":{"section_id":341,"section_name":"Santa Cruz - San Clemente","state":"CA","secondary_state":"","dip_deg":90.0,"dip_dir":"Vertical","rake_deg":180.0,"upper_depth_km":0.0,"lower_depth_km":11.0},"geometry":{"type":"LineString","coordinates":[[-118.95807,33.59628],[-119.00881,33.6505],[-119.04837,33.68382],[-119.09158,33.71398],[-119.13301,33.74569],[-119.20251,33.78925],[-119.27787,33.84192],[-119.36249,33.89128],[-119.48571,33.96957]]}},{"type":"Feature","properties":{"section_id":342,"section_name":"Silver Lake","state":"CA","secondary_state":"","dip_deg":50.0,"dip_dir":"E","rake_deg":-90.0,"upper_depth_km":0.0,"lower_depth_km":15.0},"geometry":{"type":"LineString","coordinates":[[-119.10304,37.72813],[-119.139586,37.80826],[-119.17622,37.88837],[-119.25577,38.00172]]}},{"type":"Feature","properties":{"section_id":343,"section_name":"Slinkard Valley","state":"CA","secondary_state":"","dip_deg":50.0,"dip_dir":"E","rake_deg":-90.0,"upper_depth_km":0.0,"lower_depth_km":15.0},"geometry":{"type":"LineString","coordinates":[[-119.53477,38.50056],[-119.59519,38.60814],[-119.58856,38.65382]]}},{"type":"Feature","properties":{"section_id":344,"section_name":"Sonora Basin","state":"CA","secondary_state":"","dip_deg":50.0,"dip_dir":"E","rake_deg":-90.0,"upper_depth_km":0.0,"lower_depth_km":15.0},"geometry":{"type":"LineString","coordinates":[[-119.44817,38.22508],[-119.44352,38.2473],[-119.45724,38.26152],[-119.46998,38.3291],[-119.47958,38.33887],[-119.45513,38.36729],[-119.44245,38.41388],[-119.45144,38.43891]]}},{"type":"Feature","properties":{"section_id":346,"section_name":"Southampton","state":"CA","secondary_state":"","dip_deg":90.0,"dip_dir":"Vertical","rake_deg":180.0,"upper_depth_km":0.0,"lower_depth_km":15.0},"geometry":{"type":"LineString","coordinates":[[-122.1429,37.96194],[-122.14395,37.96987],[-122.14248,37.97828],[-122.14248,37.98522],[-122.15295,38.0065],[-122.17012,38.02795],[-122.1808,38.04988],[-122.18876,38.05598],[-122.19797,38.07692],[-122.20069,38.09916],[-122.2097,38.11778],[-122.22708,38.13936],[-122.24906,38.16274]]}},{"type":"Feature","properties":{"section_id":347,"section_name":"Surpur Creek","state":"CA","secondary_state":"","dip_deg":35.0,"dip_dir":"NE","rake_deg":90.0,"upper_depth_km":0.0,"lower_depth_km":15.0},"geometry":{"type":"LineString","coordinates":[[-123.96101,41.31374],[-123.94794,41.32548],[-123.95252,41.35368],[-123.94954,41.41902],[-123.98041,41.51269],[-124.01622,41.5944]]}},{"type":"Feature","properties":{"section_id":352,"section_name":"Walnut Creek","state":"CA","secondary_state":"","dip_deg":90.0,"dip_dir":"Vertical","rake_deg":0.0,"upper_depth_km":0.0,"lower_depth_km":15.0},"geometry":{"type":"LineString","coordinates":[[-117.96496,34.02335],[-117.86468,34.07732],[-117.84218,34.08909],[-117.81968,34.09269]]}},{"type":"Feature","properties":{"section_id":353,"section_name":"West Tracy","state":"CA","secondary_state":"","dip_deg":60.0,"dip_dir":"W","rake_deg":90.0,"upper_depth_km":0.0,"lower_depth_km":15.0},"geometry":{"type":"LineString","coordinates":[[-121.632,37.8625],[-121.62016,37.8531],[-121.60492,37.84636],[-121.5846,37.83738],[-121.56543,37.82795],[-121.54348,37.81226],[-121.51253,37.79163],[-121.49061,37.77593],[-121.48449,37.76163],[-121.46051,37.71871],[-121.44879,37.70081]]}},{"type":"Feature","properties":{"section_id":354,"section_name":"South Napa","state":"CA","secondary_state":"","dip_deg":90.0,"dip_dir":"Vertical","rake_deg":180.0,"upper_depth_km":0.0,"lower_depth_km":15.0},"geometry":{"type":"LineString","coordinates":[[-122.28065,38.14514],[-122.28387,38.14992],[-122.28757,38.17003],[-122.30249,38.20525],[-122.30569,38.2173],[-122.31049,38.22192],[-122.32271,38.24761],[-122.33699,38.27563],[-122.34398,38.29769],[-122.34411,38.32176],[-122.35674,38.33856]]}},{"type":"Feature","properties":{"section_id":355,"section_name":"Cox Ranch","state":"CA","secondary_state":"","dip_deg":50.0,"dip_dir":"S","rake_deg":90.0,"upper_depth_km":0.0,"lower_depth_km":15.0},"geometry":{"type":"LineString","coordinates":[[-116.8435,33.98995],[-116.81528,33.99804],[-116.809393,33.995702],[-116.80552,33.99189],[-116.79958,33.99189],[-116.79534,33.98977],[-116.78855,33.98942],[-116.78324,33.98608],[-116.77624,33.98661],[-116.75736,33.99382],[-116.71853,33.98696],[-116.70877,33.98221],[-116.69901,33.97992],[-116.69201,33.97552],[-116.68649,33.97376],[-116.67907,33.96673]]}},{"type":"Feature","properties":{"section_id":356,"section_name":"Morongo Valley","state":"CA","secondary_state":"","dip_deg":90.0,"dip_dir":"Vertical","rake_deg":0.0,"upper_depth_km":0.0,"lower_depth_km":15.0},"geometry":{"type":"LineString","coordinates":[[-116.6156,34.02501],[-116.57337,34.04579],[-116.56677,34.05235],[-116.50898,34.08568],[-116.50144,34.09717],[-116.48626,34.1081]]}},{"type":"Feature","properties":{"section_id":357,"section_name":"Carlsbad Ridge","state":"CA","secondary_state":"","dip_deg":80.0,"dip_dir":"E","rake_deg":180.0,"upper_depth_km":0.0,"lower_depth_km":15.0},"geometry":{"type":"LineString","coordinates":[[-117.67554,33.07982],[-117.69969,33.1054],[-117.71905,33.13443],[-117.73486,33.16294],[-117.74474,33.19041],[-117.76039,33.24135],[-117.77022,33.2793]]}},{"type":"Feature","properties":{"section_id":700,"section_name":"San Andreas (Coachella)","state":"CA","secondary_state":"","dip_deg":75.0,"dip_dir":"NE","rake_deg":180.0,"upper_depth_km":0.0,"lower_depth_km":11.1},"geometry":{"type":"LineString","coordinates":[[-115.71192,33.35009],[-115.804615,33.420261],[-115.89749,33.49035],[-115.95721,33.54898],[-116.053356,33.628827],[-116.149716,33.708584],[-116.24629,33.78825]]}},{"type":"Feature","properties":{"section_id":701,"section_name":"San Andreas (San Gorgonio Pass - Garnet Hill)","state":"CA","secondary_state":"","dip_deg":75.0,"dip_dir":"NE","rake_deg":65.0,"upper_depth_km":0.0,"lower_depth_km":12.8},"geometry":{"type":"LineString","coordinates":[[-116.23175,33.77605],[-116.30042,33.81133],[-116.33735,33.82939],[-116.36116,33.8377],[-116.38118,33.84745],[-116.40948,33.84487],[-116.42653,33.84812],[-116.47505,33.86694],[-116.5168,33.88756],[-116.53751,33.89243],[-116.55373,33.90189],[-116.57507,33.90671],[-116.6044,33.91733],[-116.62387,33.91757],[-116.67038,33.93081],[-116.68591,33.93683],[-116.69108,33.94627],[-116.69774,33.93751],[-116.72086,33.93927],[-116.73805,33.93487],[-116.7459,33.92906],[-116.7529,33.93047],[-116.75906,33.93452],[-116.76775,33.93258],[-116.77964,33.9398],[-116.80139,33.95315],[-116.80626,33.95282],[-116.81139,33.95475],[-116.81653,33.95562],[-116.819786,33.959105]]}},{"type":"Feature","properties":{"section_id":702,"section_name":"San Andreas (San Bernardino, south)","state":"CA","secondary_state":"","dip_deg":75.0,"dip_dir":"NE","rake_deg":180.0,"upper_depth_km":0.0,"lower_depth_km":12.8},"geometry":{"type":"LineString","coordinates":[[-116.81979,33.95911],[-116.87354,34.01135],[-116.90235,34.03384],[-117.0139,34.07377],[-117.06767,34.0928],[-117.144814,34.12144],[-117.22202,34.15003]]}},{"type":"Feature","properties":{"section_id":703,"section_name":"San Andreas (San Bernardino, north)","state":"CA","secondary_state":"","dip_deg":75.0,"dip_dir":"NE","rake_deg":180.0,"upper_depth_km":0.0,"lower_depth_km":12.8},"geometry":{"type":"LineString","coordinates":[[-117.22202,34.15003],[-117.27416,34.17314],[-117.38869,34.23284],[-117.451,34.2709],[-117.549,34.3163]]}},{"type":"Feature","properties":{"section_id":704,"section_name":"San Andreas (Mojave,  south)","state":"CA","secondary_state":"","dip_deg":90.0,"dip_dir":"Vertical","rake_deg":180.0,"upper_depth_km":0.0,"lower_depth_km":13.1},"geometry":{"type":"LineString","coordinates":[[-118.50895,34.6985],[-118.373755,34.648432],[-118.238751,34.598216],[-118.10394,34.54785],[-117.986994,34.499656],[-117.870207,34.45135],[-117.75358,34.40293],[-117.651228,34.359659],[-117.549,34.3163]]}},{"type":"Feature","properties":{"section_id":705,"section_name":"San Andreas (Mojave,  north)","state":"CA","secondary_state":"","dip_deg":90.0,"dip_dir":"Vertical","rake_deg":180.0,"upper_depth_km":0.0,"lower_depth_km":15.1},"geometry":{"type":"LineString","coordinates":[[-118.89012,34.8076],[-118.76731,34.77325],[-118.638061,34.735942],[-118.50895,34.6985]]}},{"type":"Feature","properties":{"section_id":706,"section_name":"San Andreas (Big Bend)","state":"CA","secondary_state":"","dip_deg":90.0,"dip_dir":"Vertical","rake_deg":180.0,"upper_depth_km":0.0,"lower_depth_km":15.1},"geometry":{"type":"LineString","coordinates":[[-119.40287,34.94406],[-119.36286,34.91571],[-119.21,34.8639],[-119.120023,34.846462],[-119.03009,34.82896],[-118.89012,34.8076]]}},{"type":"Feature","properties":{"section_id":707,"section_name":"San Andreas (Carrizo)","state":"CA","secondary_state":"","dip_deg":90.0,"dip_dir":"Vertical","rake_deg":180.0,"upper_depth_km":0.0,"lower_depth_km":15.1},"geometry":{"type":"LineString","coordinates":[[-119.8659,35.3142],[-119.786263,35.237481],[-119.7068,35.1607],[-119.63249,35.104125],[-119.5583,35.0475],[-119.4711,34.9878],[-119.4029,34.9441]]}},{"type":"Feature","properties":{"section_id":708,"section_name":"San Andreas (Cholame)","state":"CA","secondary_state":"","dip_deg":90.0,"dip_dir":"Vertical","rake_deg":180.0,"upper_depth_km":0.0,"lower_depth_km":12.0},"geometry":{"type":"LineString","coordinates":[[-119.86595,35.31417],[-119.9703,35.41391],[-120.02848,35.473627],[-120.08676,35.53331],[-120.157707,35.60625],[-120.228804,35.67914],[-120.30005,35.75198]]}},{"type":"Feature","properties":{"section_id":709,"section_name":"San Andreas (Parkfield)","state":"CA","secondary_state":"","dip_deg":90.0,"dip_dir":"Vertical","rake_deg":180.0,"upper_depth_km":0.0,"lower_depth_km":10.2},"geometry":{"type":"LineString","coordinates":[[-120.30005,35.75198],[-120.386787,35.835609],[-120.473733,35.919166],[-120.56089,36.00265]]}},{"type":"Feature","properties":{"section_id":710,"section_name":"San Andreas (Creeping)","state":"CA","secondary_state":"","dip_deg":90.0,"dip_dir":"Vertical","rake_deg":180.0,"upper_depth_km":0.0,"lower_depth_km":12.0},"geometry":{"type":"LineString","coordinates":[[-120.56133,36.00264],[-120.615395,36.053904],[-120.66954,36.10514],[-120.73885,36.16257],[-120.82808,36.24267],[-120.88991,36.30519],[-120.945365,36.360705],[-121.00091,36.41619],[-121.08632,36.50079],[-121.16568,36.57409],[-121.20964,36.61081],[-121.30703,36.69336],[-121.37001,36.7393],[-121.47635,36.80405]]}},{"type":"Feature","properties":{"section_id":711,"section_name":"San Andreas (Santa Cruz Mountains)","state":"CA","secondary_state":"","dip_deg":79.0,"dip_dir":"SW","rake_deg":180.0,"upper_depth_km":0.0,"lower_depth_km":15.0},"geometry":{"type":"LineString","coordinates":[[-122.00197,37.17514],[-121.97604,37.15797],[-121.88688,37.09443],[-121.81994,37.05752],[-121.7641,37.02349],[-121.73022,36.98707],[-121.66466,36.93344],[-121.61674,36.90468],[-121.52059,36.8348],[-121.47635,36.80405]]}},{"type":"Feature","properties":{"section_id":712,"section_name":"San Andreas (Peninsula)","state":"CA","secondary_state":"","dip_deg":90.0,"dip_dir":"Vertical","rake_deg":180.0,"upper_depth_km":0.0,"lower_depth_km":13.0},"geometry":{"type":"LineString","coordinates":[[-122.00197,37.17514],[-122.05407,37.22235],[-122.11594,37.27902],[-122.16575,37.31659],[-122.20213,37.35174],[-122.26628,37.42341],[-122.35596,37.51492],[-122.44534,37.62354],[-122.50232,37.67787],[-122.54528,37.72311],[-122.61984,37.83078],[-122.66515,37.89651]]}},{"type":"Feature","properties":{"section_id":713,"section_name":"San Andreas (North Coast)","state":"CA","secondary_state":"","dip_deg":90.0,"dip_dir":"Vertical","rake_deg":180.0,"upper_depth_km":0.0,"lower_depth_km":11.0},"geometry":{"type":"LineString","coordinates":[[-122.66515,37.89651],[-122.70197,37.9354],[-122.77521,38.02445],[-122.84895,38.09768],[-122.89467,38.14614],[-122.9683,38.22641],[-123.0007,38.26875],[-123.07988,38.36727],[-123.11884,38.40803],[-123.21689,38.49986],[-123.26219,38.54419],[-123.31036,38.59103],[-123.36404,38.64567],[-123.43288,38.71626],[-123.48366,38.76575],[-123.52247,38.8078],[-123.59011,38.87964],[-123.640459,38.940192],[-123.6909,39.00072],[-123.7299,39.04879],[-123.79545,39.14784]]}},{"type":"Feature","properties":{"section_id":714,"section_name":"San Andreas (Offshore)","state":"CA","secondary_state":"","dip_deg":90.0,"dip_dir":"Vertical","rake_deg":180.0,"upper_depth_km":0.0,"lower_depth_km":11.0},"geometry":{"type":"LineString","coordinates":[[-123.79545,39.14784],[-123.81909,39.20339],[-123.85536,39.28352],[-123.86533,39.3291],[-123.90591,39.39779],[-123.92999,39.48017],[-123.94736,39.53142],[-123.962,39.64229],[-123.985232,39.761525],[-124.00855,39.88074],[-124.033887,39.952055],[-124.05928,40.02336],[-124.08241,40.04996],[-124.08851,40.0696],[-124.10839,40.08972],[-124.12839,40.10256],[-124.18956,40.13007],[-124.28372,40.19397],[-124.34055,40.22186],[-124.38113,40.23798],[-124.41685,40.25223],[-124.44526,40.26152]]}},{"type":"Feature","properties":{"section_id":715,"section_name":"San Andreas (Banning)","state":"CA","secondary_state":"","dip_deg":60.0,"dip_dir":"NE","rake_deg":180.0,"upper_depth_km":0.0,"lower_depth_km":12.8},"geometry":{"type":"LineString","coordinates":[[-116.38155,33.84773],[-116.39749,33.85965],[-116.43372,33.87933],[-116.44568,33.88229],[-116.46341,33.88682],[-116.52617,33.91286],[-116.5828,33.93239],[-116.6169,33.94173],[-116.64766,33.94578],[-116.68925,33.94825]]}},{"type":"Feature","properties":{"section_id":800,"section_name":"San Jacinto (Superstition Mountain)","state":"CA","secondary_state":"","dip_deg":90.0,"dip_dir":"Vertical","rake_deg":180.0,"upper_depth_km":0.0,"lower_depth_km":12.4},"geometry":{"type":"LineString","coordinates":[[-115.943,33.001],[-115.80666,32.93785],[-115.698,32.8842]]}},{"type":"Feature","properties":{"section_id":801,"section_name":"San Jacinto (Borrego)","state":"CA","secondary_state":"","dip_deg":90.0,"dip_dir":"Vertical","rake_deg":180.0,"upper_depth_km":0.0,"lower_depth_km":13.1},"geometry":{"type":"LineString","coordinates":[[-116.205,33.2066],[-116.164,33.1822],[-116.129,33.1434],[-116.058,33.0976],[-116.011,33.0297],[-115.943,33.001]]}},{"type":"Feature","properties":{"section_id":802,"section_name":"San Jacinto (Coyote Creek)","state":"CA","secondary_state":"","dip_deg":90.0,"dip_dir":"Vertical","rake_deg":180.0,"upper_depth_km":0.0,"lower_depth_km":15.9},"geometry":{"type":"LineString","coordinates":[[-116.543,33.4688],[-116.47,33.4204],[-116.376398,33.342043],[-116.283,33.2636],[-116.205,33.2066]]}},{"type":"Feature","properties":{"section_id":803,"section_name":"San Jacinto (Clark)","state":"CA","secondary_state":"","dip_deg":90.0,"dip_dir":"Vertical","rake_deg":180.0,"upper_depth_km":0.0,"lower_depth_km":16.8},"geometry":{"type":"LineString","coordinates":[[-116.5133,33.48955],[-116.393,33.4166],[-116.339,33.396],[-116.297,33.3839],[-116.21,33.315],[-116.147,33.2854],[-116.09672,33.25469],[-116.02815,33.21057],[-115.99545,33.17702],[-115.95325,33.13817]]}},{"type":"Feature","properties":{"section_id":804,"section_name":"San Jacinto (Anza)","state":"CA","secondary_state":"","dip_deg":90.0,"dip_dir":"Vertical","rake_deg":180.0,"upper_depth_km":0.0,"lower_depth_km":16.8},"geometry":{"type":"LineString","coordinates":[[-116.9143,33.73643],[-116.84472,33.69667],[-116.745977,33.634934],[-116.647404,33.573111],[-116.549,33.5112],[-116.5133,33.48955]]}},{"type":"Feature","properties":{"section_id":805,"section_name":"San Jacinto (stepover)","state":"CA","secondary_state":"","dip_deg":90.0,"dip_dir":"Vertical","rake_deg":180.0,"upper_depth_km":0.0,"lower_depth_km":16.5},"geometry":{"type":"LineString","coordinates":[[-117.08958,33.90453],[-117.001837,33.820519],[-116.9143,33.73643]]}},{"type":"Feature","properties":{"section_id":806,"section_name":"San Jacinto (San Jacinto Valley)","state":"CA","secondary_state":"","dip_deg":90.0,"dip_dir":"Vertical","rake_deg":180.0,"upper_depth_km":0.0,"lower_depth_km":16.1},"geometry":{"type":"LineString","coordinates":[[-117.237,34.017],[-117.222,34.0067],[-117.155743,33.955636],[-117.08958,33.90453]]}},{"type":"Feature","properties":{"section_id":807,"section_name":"San Jacinto (San Bernardino)","state":"CA","secondary_state":"","dip_deg":90.0,"dip_dir":"Vertical","rake_deg":180.0,"upper_depth_km":0.0,"lower_depth_km":16.1},"geometry":{"type":"LineString","coordinates":[[-117.49353,34.24564],[-117.43881,34.21104],[-117.42057,34.20261],[-117.3975,34.18619],[-117.36263,34.15468],[-117.325,34.1013],[-117.237,34.017]]}},{"type":"Feature","properties":{"section_id":840,"section_name":"Elsinore (Coyote Mountains)","state":"CA","secondary_state":"","dip_deg":82.0,"dip_dir":"E","rake_deg":180.0,"upper_depth_km":0.0,"lower_depth_km":13.2},"geometry":{"type":"LineString","coordinates":[[-116.006,32.779],[-116.099,32.8144],[-116.178,32.8377],[-116.23022,32.88921],[-116.26444,32.93081],[-116.33667,32.97477]]}},{"type":"Feature","properties":{"section_id":841,"section_name":"Elsinore (Julian)","state":"CA","secondary_state":"","dip_deg":84.0,"dip_dir":"NE","rake_deg":180.0,"upper_depth_km":0.0,"lower_depth_km":18.8},"geometry":{"type":"LineString","coordinates":[[-116.35568,32.94965],[-116.40701,32.98262],[-116.46023,33.01088],[-116.51916,33.04934],[-116.628,33.1225],[-116.69025,33.17807],[-116.72922,33.20868],[-116.791,33.2465],[-116.844,33.279],[-116.952,33.332],[-117.0082,33.3409]]}},{"type":"Feature","properties":{"section_id":842,"section_name":"Elsinore (Temecula)","state":"CA","secondary_state":"","dip_deg":90.0,"dip_dir":"Vertical","rake_deg":180.0,"upper_depth_km":0.0,"lower_depth_km":14.2},"geometry":{"type":"LineString","coordinates":[[-117.28099,33.6116],[-117.20449,33.55897],[-117.17214,33.52894],[-117.14172,33.49754],[-117.05333,33.42297],[-117.03091,33.3914],[-117.01518,33.37031],[-117.00819,33.34091]]}},{"type":"Feature","properties":{"section_id":843,"section_name":"Elsinore (stepover)","state":"CA","secondary_state":"","dip_deg":90.0,"dip_dir":"Vertical","rake_deg":180.0,"upper_depth_km":0.0,"lower_depth_km":13.7},"geometry":{"type":"LineString","coordinates":[[-117.3727,33.68522],[-117.28099,33.6116]]}},{"type":"Feature","properties":{"section_id":844,"section_name":"Elsinore (Glen Ivy)","state":"CA","secondary_state":"","dip_deg":90.0,"dip_dir":"Vertical","rake_deg":180.0,"upper_depth_km":0.0,"lower_depth_km":13.2},"geometry":{"type":"LineString","coordinates":[[-117.59,33.8289],[-117.548,33.8129],[-117.46332,33.7451],[-117.44568,33.73183],[-117.42415,33.71851],[-117.40265,33.70453],[-117.3727,33.68522]]}},{"type":"Feature","properties":{"section_id":880,"section_name":"Garlock (west)","state":"CA","secondary_state":"","dip_deg":90.0,"dip_dir":"Vertical","rake_deg":0.0,"upper_depth_km":0.0,"lower_depth_km":14.7},"geometry":{"type":"LineString","coordinates":[[-118.91833,34.82362],[-118.87123,34.82844],[-118.82281,34.84924],[-118.77081,34.88225],[-118.66699,34.93138],[-118.570869,34.963612],[-118.47466,34.99577],[-118.3754,35.0477],[-118.3326,35.07881],[-118.225942,35.132688],[-118.11912,35.18647],[-118.06134,35.22325],[-118.01032,35.27129]]}},{"type":"Feature","properties":{"section_id":881,"section_name":"Garlock (center)","state":"CA","secondary_state":"","dip_deg":90.0,"dip_dir":"Vertical","rake_deg":0.0,"upper_depth_km":0.0,"lower_depth_km":11.5},"geometry":{"type":"LineString","coordinates":[[-118.02395,35.28346],[-117.886768,35.353418],[-117.74931,35.42322],[-117.61816,35.460278],[-117.48687,35.4972],[-117.322478,35.532506],[-117.15792,35.5676],[-117.01067,35.60182],[-116.87895,35.59833]]}},{"type":"Feature","properties":{"section_id":882,"section_name":"Garlock (east)","state":"CA","secondary_state":"","dip_deg":90.0,"dip_dir":"Vertical","rake_deg":0.0,"upper_depth_km":0.0,"lower_depth_km":11.5},"geometry":{"type":"LineString","coordinates":[[-116.87895,35.59833],[-116.81796,35.59671],[-116.704382,35.595195],[-116.59081,35.59358],[-116.46697,35.5864],[-116.37972,35.5904]]}},{"type":"Feature","properties":{"section_id":900,"section_name":"Hayward (south, extension)","state":"CA","secondary_state":"","dip_deg":82.0,"dip_dir":"E","rake_deg":135.0,"upper_depth_km":0.0,"lower_depth_km":5.1},"geometry":{"type":"LineString","coordinates":[[-121.66376,37.23402],[-121.72471,37.25782],[-121.73979,37.30292],[-121.77509,37.34573],[-121.80236,37.39713]]}},{"type":"Feature","properties":{"section_id":901,"section_name":"Hayward (south)","state":"CA","secondary_state":"","dip_deg":76.0,"dip_dir":"E","rake_deg":180.0,"upper_depth_km":0.0,"lower_depth_km":13.4},"geometry":{"type":"LineString","coordinates":[[-121.80236,37.39713],[-121.91453,37.48312],[-121.959293,37.539035],[-122.00413,37.59493],[-122.05088,37.63995],[-122.09226,37.68095],[-122.17796,37.78233]]}},{"type":"Feature","properties":{"section_id":902,"section_name":"Hayward (north)","state":"CA","secondary_state":"","dip_deg":82.0,"dip_dir":"E","rake_deg":180.0,"upper_depth_km":0.0,"lower_depth_km":11.1},"geometry":{"type":"LineString","coordinates":[[-122.17796,37.78233],[-122.21612,37.83213],[-122.29734,37.92933],[-122.3458,37.97812],[-122.40526,38.06159],[-122.42285,38.08961],[-122.46305,38.18348]]}},{"type":"Feature","properties":{"section_id":903,"section_name":"Rodgers Creek - Healdsburg","state":"CA","secondary_state":"","dip_deg":77.0,"dip_dir":"E","rake_deg":180.0,"upper_depth_km":0.0,"lower_depth_km":12.0},"geometry":{"type":"LineString","coordinates":[[-122.46347,38.18381],[-122.47687,38.195],[-122.48639,38.20684],[-122.54279,38.27002],[-122.59036,38.30878],[-122.63916,38.36302],[-122.67316,38.40905],[-122.70563,38.46776],[-122.76006,38.52276],[-122.813563,38.580228],[-122.86716,38.63767],[-122.931654,38.700113],[-122.99627,38.76252]]}},{"type":"Feature","properties":{"section_id":920,"section_name":"Calaveras (south, Paicines)","state":"CA","secondary_state":"","dip_deg":77.0,"dip_dir":"E","rake_deg":180.0,"upper_depth_km":0.0,"lower_depth_km":13.0},"geometry":{"type":"LineString","coordinates":[[-120.97386,36.42583],[-121.06315,36.52241],[-121.12877,36.578],[-121.186631,36.630385],[-121.24458,36.68274],[-121.29544,36.73871],[-121.35454,36.78515],[-121.3961,36.83948]]}},{"type":"Feature","properties":{"section_id":921,"section_name":"Calaveras (south)","state":"CA","secondary_state":"","dip_deg":85.0,"dip_dir":"E","rake_deg":180.0,"upper_depth_km":0.0,"lower_depth_km":9.5},"geometry":{"type":"LineString","coordinates":[[-121.39613,36.83948],[-121.42202,36.89392],[-121.45737,36.96641],[-121.50637,37.05708],[-121.50876,37.06096]]}},{"type":"Feature","properties":{"section_id":922,"section_name":"Calaveras (center)","state":"CA","secondary_state":"","dip_deg":77.0,"dip_dir":"E","rake_deg":180.0,"upper_depth_km":0.0,"lower_depth_km":11.0},"geometry":{"type":"LineString","coordinates":[[-121.50876,37.06096],[-121.52982,37.09516],[-121.56039,37.13357],[-121.60227,37.17295],[-121.65839,37.23399],[-121.68351,37.29831],[-121.69482,37.31697],[-121.73963,37.37589],[-121.75847,37.39785],[-121.79574,37.43111],[-121.80914,37.44907],[-121.81311,37.45749]]}},{"type":"Feature","properties":{"section_id":923,"section_name":"Calaveras (north)","state":"CA","secondary_state":"","dip_deg":80.0,"dip_dir":"E","rake_deg":180.0,"upper_depth_km":0.0,"lower_depth_km":14.0},"geometry":{"type":"LineString","coordinates":[[-121.81311,37.45749],[-121.83762,37.50955],[-121.84935,37.5338],[-121.86568,37.57928],[-121.87531,37.60052],[-121.90295,37.63999],[-121.92263,37.67381],[-121.94399,37.72284],[-121.95864,37.7457],[-121.97246,37.76093],[-121.9823,37.78261],[-121.9934,37.80263],[-122.00324,37.81256],[-122.01643,37.82248],[-122.04177,37.84828]]}},{"type":"Feature","properties":{"section_id":1000,"section_name":"Antelope Valley","state":"NV","secondary_state":"CA","dip_deg":50.0,"dip_dir":"E","rake_deg":-90.0,"upper_depth_km":0.0,"lower_depth_km":13.0},"geometry":{"type":"LineString","coordinates":[[-119.47335,38.46842],[-119.47413,38.50107],[-119.50221,38.54483],[-119.51444,38.57848],[-119.52694,38.58349],[-119.5228,38.59592],[-119.52917,38.6248],[-119.52928,38.64628],[-119.54656,38.66842],[-119.55665,38.72062],[-119.56693,38.73141],[-119.57322,38.74324],[-119.57724,38.76286]]}},{"type":"Feature","properties":{"section_id":1001,"section_name":"Genoa (south)","state":"NV","secondary_state":"CA","dip_deg":50.0,"dip_dir":"E","rake_deg":-90.0,"upper_depth_km":0.0,"lower_depth_km":13.0},"geometry":{"type":"LineString","coordinates":[[-119.815,38.66052],[-119.819,38.7825],[-119.796,38.82167],[-119.80708,38.85361],[-119.83614,38.88358],[-119.84633,38.88417],[-119.847813,38.894824]]}},{"type":"Feature","properties":{"section_id":1002,"section_name":"Incline Village","state":"NV","secondary_state":"","dip_deg":50.0,"dip_dir":"E","rake_deg":-90.0,"upper_depth_km":0.0,"lower_depth_km":11.4},"geometry":{"type":"LineString","coordinates":[[-119.998645,39.123431],[-119.995275,39.138177],[-119.992325,39.143655],[-119.983478,39.15166],[-119.971681,39.169776],[-119.964097,39.185787],[-119.963676,39.221599],[-119.964097,39.243929],[-119.962833,39.249406],[-119.954828,39.264152],[-119.947244,39.280162],[-119.936711,39.287325],[-119.931234,39.294909]]}},{"type":"Feature","properties":{"section_id":1003,"section_name":"Antelope Range - Kingsley Mountains","state":"NV","secondary_state":"","dip_deg":50.0,"dip_dir":"E","rake_deg":-90.0,"upper_depth_km":0.0,"lower_depth_km":15.0},"geometry":{"type":"LineString","coordinates":[[-114.4463,39.64501],[-114.45115,39.67056],[-114.45104,39.68797],[-114.44495,39.70237],[-114.44828,39.72196],[-114.46336,39.75477],[-114.44304,39.78348],[-114.44097,39.80975],[-114.37622,39.87743],[-114.34611,39.92406],[-114.35298,39.93685],[-114.33858,39.95114],[-114.33322,39.96588],[-114.32398,39.97329],[-114.31847,39.98863],[-114.32026,40.00001],[-114.34218,40.01474],[-114.35288,40.03174],[-114.35125,40.05663],[-114.3357,40.06394],[-114.32643,40.08638],[-114.32276,40.10749],[-114.33539,40.12235],[-114.33727,40.1411],[-114.32479,40.16706],[-114.31861,40.18762],[-114.33124,40.22164]]}},{"type":"Feature","properties":{"section_id":1004,"section_name":"Bare Mountain","state":"NV","secondary_state":"","dip_deg":50.0,"dip_dir":"E","rake_deg":-90.0,"upper_depth_km":0.0,"lower_depth_km":15.0},"geometry":{"type":"LineString","coordinates":[[-116.61396,36.74143],[-116.63092,36.7759],[-116.62503,36.81139],[-116.62623,36.81976],[-116.63654,36.8369],[-116.64031,36.85663],[-116.62719,36.86964],[-116.625,36.88158],[-116.62738,36.88637],[-116.62449,36.89563],[-116.63206,36.90397]]}},{"type":"Feature","properties":{"section_id":1005,"section_name":"Battle Mountain","state":"NV","secondary_state":"","dip_deg":50.0,"dip_dir":"W","rake_deg":-90.0,"upper_depth_km":0.0,"lower_depth_km":15.0},"geometry":{"type":"LineString","coordinates":[[-117.20773,40.70593],[-117.21829,40.6896],[-117.23721,40.59495],[-117.23752,40.55349]]}},{"type":"Feature","properties":{"section_id":1006,"section_name":"Benton Spring (south)","state":"NV","secondary_state":"","dip_deg":90.0,"dip_dir":"Vertical","rake_deg":180.0,"upper_depth_km":0.0,"lower_depth_km":15.0},"geometry":{"type":"LineString","coordinates":[[-118.46991,38.90751],[-118.45659,38.88913],[-118.40977,38.85573],[-118.38263,38.8311],[-118.36254,38.81256],[-118.32791,38.78367],[-118.31872,38.76377],[-118.31471,38.73623],[-118.30451,38.72331],[-118.2476,38.6624],[-118.23685,38.64981],[-118.21689,38.62809],[-118.18759,38.61336],[-118.16185,38.56808],[-118.15489,38.55611],[-118.13295,38.53269],[-118.13269,38.52143],[-118.12553,38.51419],[-118.12365,38.49577],[-118.0877,38.45834],[-118.07532,38.43713],[-118.07472,38.41544],[-118.08151,38.40877],[-118.07737,38.39449],[-118.07401,38.38735],[-118.06203,38.38188],[-118.0461,38.34731],[-118.0247,38.31729],[-118.02237,38.3066],[-118.02269,38.27779],[-118.03306,38.26253]]}},{"type":"Feature","properties":{"section_id":1007,"section_name":"Beowawe","state":"NV","secondary_state":"","dip_deg":50.0,"dip_dir":"NW","rake_deg":-90.0,"upper_depth_km":0.0,"lower_depth_km":15.0},"geometry":{"type":"LineString","coordinates":[[-116.36814,40.83192],[-116.37927,40.75251],[-116.41794,40.71406],[-116.41611,40.69316],[-116.44331,40.63468],[-116.44135,40.61364],[-116.45284,40.60601]]}},{"type":"Feature","properties":{"section_id":1008,"section_name":"Bettles Well - Petrified Springs","state":"NV","secondary_state":"","dip_deg":90.0,"dip_dir":"Vertical","rake_deg":180.0,"upper_depth_km":0.0,"lower_depth_km":15.0},"geometry":{"type":"LineString","coordinates":[[-117.860867,38.315761],[-117.859603,38.331349],[-117.866133,38.346728],[-117.862131,38.362316],[-117.868872,38.389281],[-117.891834,38.424882],[-117.904895,38.430992],[-117.942814,38.470806],[-117.946605,38.493558],[-117.952925,38.502405],[-117.973781,38.514202],[-118.000956,38.512306],[-118.011489,38.519048],[-118.023075,38.546433],[-118.04077,38.557177],[-118.04709,38.575504],[-118.092382,38.638281],[-118.115765,38.665246],[-118.128405,38.687997],[-118.182545,38.753091],[-118.199397,38.780687],[-118.235842,38.795223],[-118.260278,38.812497],[-118.269126,38.827033]]}},{"type":"Feature","properties":{"section_id":1009,"section_name":"Black Hills","state":"NV","secondary_state":"","dip_deg":50.0,"dip_dir":"SE","rake_deg":-90.0,"upper_depth_km":0.0,"lower_depth_km":15.0},"geometry":{"type":"LineString","coordinates":[[-114.96808,35.8899],[-114.9462,35.92635],[-114.91857,35.95779]]}},{"type":"Feature","properties":{"section_id":1010,"section_name":"Black Rock","state":"NV","secondary_state":"","dip_deg":50.0,"dip_dir":"W","rake_deg":-90.0,"upper_depth_km":0.0,"lower_depth_km":15.0},"geometry":{"type":"LineString","coordinates":[[-119.14579,41.34833],[-119.15261,41.33737],[-119.15024,41.31976],[-119.13512,41.30557],[-119.12637,41.27461],[-119.10797,41.25933],[-119.08439,41.23225],[-119.062273,41.224538],[-119.04272,41.19708],[-119.04473,41.18442],[-119.03611,41.16156],[-119.00391,41.12408],[-118.996,41.0919],[-119.02653,41.06087],[-119.02108,41.05017],[-119.0147,41.02754],[-119.01706,41.01211],[-119.00012,40.95366],[-119.00729,40.93987],[-118.99914,40.92264],[-119.00166,40.90261],[-119.01949,40.87706],[-119.05043,40.85073],[-119.05766,40.83146],[-119.08549,40.81117],[-119.08639,40.80274],[-119.09568,40.79388],[-119.11352,40.779],[-119.12585,40.76769],[-119.13117,40.76351],[-119.14776,40.75423],[-119.15642,40.73115]]}},{"type":"Feature","properties":{"section_id":1011,"section_name":"Bloody Run Hills","state":"NV","secondary_state":"","dip_deg":50.0,"dip_dir":"W","rake_deg":-90.0,"upper_depth_km":0.0,"lower_depth_km":15.0},"geometry":{"type":"LineString","coordinates":[[-117.81676,41.38782],[-117.82019,41.35363],[-117.81033,41.32707],[-117.8212,41.30372],[-117.81141,41.28093],[-117.81536,41.24934],[-117.79549,41.2084],[-117.78859,41.204],[-117.7934,41.19714],[-117.79271,41.15381]]}},{"type":"Feature","properties":{"section_id":1012,"section_name":"Bonham Ranch","state":"NV","secondary_state":"","dip_deg":50.0,"dip_dir":"E","rake_deg":-90.0,"upper_depth_km":0.0,"lower_depth_km":15.0},"geometry":{"type":"LineString","coordinates":[[-119.81284,40.25865],[-119.82247,40.32071],[-119.83644,40.3621],[-119.83087,40.37904],[-119.83281,40.41297],[-119.8481,40.44264],[-119.84156,40.4541],[-119.8453,40.4659],[-119.83208,40.48758],[-119.82251,40.51077],[-119.8123,40.52428],[-119.81131,40.55856],[-119.779,40.64426],[-119.77491,40.70696],[-119.78089,40.72039],[-119.78904,40.74614]]}},{"type":"Feature","properties":{"section_id":1013,"section_name":"Buena Vista Valley","state":"NV","secondary_state":"","dip_deg":50.0,"dip_dir":"W","rake_deg":-90.0,"upper_depth_km":0.0,"lower_depth_km":15.0},"geometry":{"type":"LineString","coordinates":[[-117.87154,40.67834],[-117.88386,40.65414],[-117.89924,40.64663],[-117.91759,40.63734],[-117.9455,40.62268],[-117.95792,40.60582],[-117.97638,40.56507],[-117.9745,40.50199],[-117.96485,40.48982],[-117.93123,40.46826],[-117.88036,40.4257],[-117.87874,40.41318],[-117.86357,40.40111],[-117.85641,40.37983],[-117.84573,40.37429],[-117.83314,40.35849],[-117.82489,40.34673],[-117.83197,40.32329],[-117.88133,40.293],[-117.87185,40.27037],[-117.86213,40.24408],[-117.87903,40.20024],[-117.87426,40.17988],[-117.89533,40.13587],[-117.90654,40.11441],[-117.93203,40.1],[-117.94914,40.09144],[-117.96085,40.07359],[-117.97256,40.06684],[-117.98769,40.06077],[-118.01215,40.05399],[-118.02509,40.03984],[-118.02144,40.0237],[-118.05032,40.00493]]}},{"type":"Feature","properties":{"section_id":1014,"section_name":"Buffalo Creek","state":"NV","secondary_state":"","dip_deg":50.0,"dip_dir":"W","rake_deg":-90.0,"upper_depth_km":0.0,"lower_depth_km":15.0},"geometry":{"type":"LineString","coordinates":[[-117.80062,39.48831],[-117.82673,39.41483],[-117.82687,39.38392],[-117.79198,39.34285],[-117.78023,39.30174],[-117.81619,39.2509]]}},{"type":"Feature","properties":{"section_id":1015,"section_name":"Buffalo Mountain","state":"NV","secondary_state":"","dip_deg":50.0,"dip_dir":"SE","rake_deg":-90.0,"upper_depth_km":0.0,"lower_depth_km":15.0},"geometry":{"type":"LineString","coordinates":[[-117.42226,40.687916],[-117.372956,40.71479],[-117.333351,40.736815],[-117.314559,40.754799],[-117.285462,40.768742],[-117.272732,40.772985],[-117.252323,40.785311]]}},{"type":"Feature","properties":{"section_id":1016,"section_name":"Buffalo Valley","state":"NV","secondary_state":"","dip_deg":50.0,"dip_dir":"E","rake_deg":-90.0,"upper_depth_km":0.0,"lower_depth_km":15.0},"geometry":{"type":"LineString","coordinates":[[-117.48088,40.30009],[-117.48043,40.32976],[-117.48271,40.35224],[-117.4759,40.39968],[-117.45767,40.43357],[-117.45863,40.44785],[-117.45124,40.46808],[-117.4577,40.48656],[-117.45272,40.50088],[-117.40387,40.56628],[-117.38965,40.56863],[-117.37603,40.58304],[-117.37497,40.60442],[-117.38045,40.62833],[-117.38022,40.64084]]}},{"type":"Feature","properties":{"section_id":1017,"section_name":"Butte Mountains","state":"NV","secondary_state":"","dip_deg":50.0,"dip_dir":"W","rake_deg":-90.0,"upper_depth_km":0.0,"lower_depth_km":15.0},"geometry":{"type":"LineString","coordinates":[[-115.22558,40.0403],[-115.2303,40.02548],[-115.24526,40.01212],[-115.2481,39.99983],[-115.22772,39.9854],[-115.25756,39.94301],[-115.27656,39.926],[-115.30655,39.86883],[-115.3069,39.83914],[-115.29395,39.80537],[-115.30055,39.76161],[-115.31821,39.74477],[-115.32008,39.7308],[-115.35249,39.67677],[-115.35421,39.66437],[-115.3411,39.65017],[-115.33885,39.63264],[-115.35474,39.60986],[-115.35392,39.59433],[-115.33124,39.55763]]}},{"type":"Feature","properties":{"section_id":1018,"section_name":"California Wash","state":"NV","secondary_state":"","dip_deg":50.0,"dip_dir":"W","rake_deg":-90.0,"upper_depth_km":0.0,"lower_depth_km":15.0},"geometry":{"type":"LineString","coordinates":[[-114.65895,36.60018],[-114.64527,36.56926],[-114.63978,36.54243],[-114.66706,36.48734],[-114.67886,36.42399],[-114.70916,36.38014]]}},{"type":"Feature","properties":{"section_id":1019,"section_name":"Carico Lake Valley","state":"NV","secondary_state":"","dip_deg":50.0,"dip_dir":"SE","rake_deg":-90.0,"upper_depth_km":0.0,"lower_depth_km":15.0},"geometry":{"type":"LineString","coordinates":[[-117.12404,39.92336],[-117.10472,39.93711],[-117.02189,40.0433],[-117.02,40.05668],[-117.01084,40.07312],[-116.99852,40.0777],[-116.97968,40.08468],[-116.96782,40.09347],[-116.92612,40.11202],[-116.9218,40.12424],[-116.91225,40.13167]]}},{"type":"Feature","properties":{"section_id":1020,"section_name":"Carson City","state":"NV","secondary_state":"","dip_deg":50.0,"dip_dir":"E","rake_deg":-90.0,"upper_depth_km":0.0,"lower_depth_km":15.0},"geometry":{"type":"LineString","coordinates":[[-119.818741,39.064868],[-119.809683,39.081089],[-119.791145,39.113952],[-119.777241,39.121535],[-119.774503,39.137124],[-119.774292,39.149764],[-119.76713,39.170619],[-119.760178,39.172094],[-119.746274,39.19337]]}},{"type":"Feature","properties":{"section_id":1023,"section_name":"Clan Alpine","state":"NV","secondary_state":"","dip_deg":50.0,"dip_dir":"SE","rake_deg":-90.0,"upper_depth_km":0.0,"lower_depth_km":15.0},"geometry":{"type":"LineString","coordinates":[[-117.86235,39.45795],[-117.85426,39.49112],[-117.8436,39.52835],[-117.82803,39.55422],[-117.81701,39.5777],[-117.79921,39.59231],[-117.77362,39.60611],[-117.75566,39.61214],[-117.75559,39.62525],[-117.73679,39.65315],[-117.71703,39.66746],[-117.6807,39.67819],[-117.64544,39.70593]]}},{"type":"Feature","properties":{"section_id":1024,"section_name":"Coaldale","state":"NV","secondary_state":"","dip_deg":90.0,"dip_dir":"Vertical","rake_deg":0.0,"upper_depth_km":0.0,"lower_depth_km":15.0},"geometry":{"type":"LineString","coordinates":[[-117.75884,38.07736],[-117.87285,38.00917],[-118.048372,38.004569],[-118.22387,37.99974],[-118.29286,37.9877],[-118.3889,37.94664],[-118.44586,37.91161]]}},{"type":"Feature","properties":{"section_id":1026,"section_name":"Cortez Mountain","state":"NV","secondary_state":"","dip_deg":50.0,"dip_dir":"NW","rake_deg":-90.0,"upper_depth_km":0.0,"lower_depth_km":15.0},"geometry":{"type":"LineString","coordinates":[[-116.24222,40.48906],[-116.25213,40.46281],[-116.26672,40.4481],[-116.26478,40.42793],[-116.27328,40.40038],[-116.28393,40.38522],[-116.31723,40.37993],[-116.35442,40.36696],[-116.36431,40.35064],[-116.38916,40.34618],[-116.4096,40.32127],[-116.428,40.31704],[-116.45513,40.29246],[-116.4898,40.28409],[-116.52836,40.26421],[-116.5504,40.24772],[-116.55763,40.22741],[-116.57374,40.21078],[-116.6012,40.19677],[-116.61387,40.19977],[-116.63513,40.18527],[-116.66137,40.1775],[-116.67736,40.16403],[-116.69397,40.12945],[-116.71617,40.12403],[-116.76175,40.10113]]}},{"type":"Feature","properties":{"section_id":1027,"section_name":"Coyote Spring","state":"NV","secondary_state":"","dip_deg":50.0,"dip_dir":"W","rake_deg":-90.0,"upper_depth_km":0.0,"lower_depth_km":15.0},"geometry":{"type":"LineString","coordinates":[[-114.97802,37.19314],[-114.97461,37.17016],[-114.97698,37.15807],[-114.96792,37.11664],[-114.96875,37.10408],[-114.98315,37.07449],[-114.98485,37.05373]]}},{"type":"Feature","properties":{"section_id":1028,"section_name":"Crescent Dunes","state":"NV","secondary_state":"","dip_deg":50.0,"dip_dir":"W","rake_deg":-90.0,"upper_depth_km":0.0,"lower_depth_km":15.0},"geometry":{"type":"LineString","coordinates":[[-117.25968,38.46394],[-117.29564,38.41638],[-117.29567,38.4047],[-117.3125,38.37513],[-117.30554,38.34376],[-117.29715,38.32738],[-117.29069,38.27971],[-117.29706,38.26431],[-117.29742,38.23287],[-117.31143,38.22164],[-117.31754,38.19918],[-117.31641,38.18505],[-117.30971,38.15449],[-117.31056,38.12878],[-117.31726,38.10337],[-117.33292,38.08046]]}},{"type":"Feature","properties":{"section_id":1029,"section_name":"Desatoya Mountains (south)","state":"NV","secondary_state":"","dip_deg":50.0,"dip_dir":"SE","rake_deg":-90.0,"upper_depth_km":0.0,"lower_depth_km":15.0},"geometry":{"type":"LineString","coordinates":[[-117.73806,39.17127],[-117.68052,39.2291],[-117.64593,39.25152],[-117.60501,39.28693]]}},{"type":"Feature","properties":{"section_id":1030,"section_name":"Diamond Mountains","state":"NV","secondary_state":"","dip_deg":50.0,"dip_dir":"E","rake_deg":-90.0,"upper_depth_km":0.0,"lower_depth_km":15.0},"geometry":{"type":"LineString","coordinates":[[-116.00084,39.24873],[-115.96067,39.29162],[-115.94846,39.29721],[-115.92518,39.34184],[-115.88961,39.36073],[-115.86622,39.37314],[-115.84927,39.38239],[-115.83449,39.39641],[-115.83951,39.44085],[-115.82779,39.46654],[-115.8299,39.49209],[-115.82177,39.49969],[-115.80431,39.50834],[-115.79231,39.51227],[-115.78593,39.5669],[-115.77218,39.60714],[-115.79685,39.61523],[-115.81024,39.63759],[-115.80668,39.67856],[-115.81432,39.69958],[-115.81368,39.72967],[-115.79563,39.75169],[-115.7853,39.77443],[-115.77433,39.79667],[-115.76682,39.80592],[-115.75727,39.81197],[-115.75037,39.83241],[-115.75754,39.91367]]}},{"type":"Feature","properties":{"section_id":1032,"section_name":"Dixie Valley","state":"NV","secondary_state":"","dip_deg":50.0,"dip_dir":"SE","rake_deg":-90.0,"upper_depth_km":0.0,"lower_depth_km":15.0},"geometry":{"type":"LineString","coordinates":[[-118.27886,39.3607],[-118.24879,39.38211],[-118.24264,39.39285],[-118.23163,39.40483],[-118.22616,39.43286],[-118.21085,39.44731],[-118.20873,39.47334],[-118.20219,39.49053],[-118.20214,39.53481],[-118.20888,39.54307],[-118.19819,39.5738],[-118.17285,39.61836],[-118.1851,39.66344],[-118.20088,39.68672],[-118.20241,39.72059],[-118.19136,39.73335],[-118.16947,39.73144],[-118.145,39.73613],[-118.11509,39.75563],[-118.09909,39.77818],[-118.10107,39.78204],[-118.08795,39.79165],[-118.07367,39.8116],[-118.04726,39.81968],[-118.03126,39.82921],[-118.02857,39.8399],[-118.0159,39.8531],[-118.01725,39.87368],[-118.02453,39.88464],[-118.01389,39.89724],[-117.98796,39.90997],[-117.97484,39.92866],[-117.96654,39.93683],[-117.94143,39.9484],[-117.89228,39.9605],[-117.83463,40.01123],[-117.82032,40.04024],[-117.80118,40.06575],[-117.80857,40.10507],[-117.79955,40.12063],[-117.78403,40.13105],[-117.77337,40.16817],[-117.74144,40.20769],[-117.73703,40.22663]]}},{"type":"Feature","properties":{"section_id":1033,"section_name":"Dry Lake","state":"NV","secondary_state":"","dip_deg":50.0,"dip_dir":"W","rake_deg":-90.0,"upper_depth_km":0.0,"lower_depth_km":15.0},"geometry":{"type":"LineString","coordinates":[[-114.730458,38.069288],[-114.702862,38.023575],[-114.701808,37.988816],[-114.696121,37.959324],[-114.711499,37.899075],[-114.718451,37.889385],[-114.716344,37.880958],[-114.723085,37.874217],[-114.715712,37.829557],[-114.723085,37.815022],[-114.732776,37.811862],[-114.732986,37.799643],[-114.726245,37.788689],[-114.726877,37.770362],[-114.737621,37.72528],[-114.749628,37.719171],[-114.753631,37.697052],[-114.756791,37.675143],[-114.752578,37.668402],[-114.75005,37.6644],[-114.763743,37.627955],[-114.768798,37.620582],[-114.783334,37.617633],[-114.810088,37.594039]]}},{"type":"Feature","properties":{"section_id":1034,"section_name":"Dry Valley - Smoke Creek Ranch","state":"NV","secondary_state":"","dip_deg":50.0,"dip_dir":"E","rake_deg":-90.0,"upper_depth_km":0.0,"lower_depth_km":15.0},"geometry":{"type":"LineString","coordinates":[[-119.85375,40.19059],[-119.85614,40.22533],[-119.88057,40.25883],[-119.91538,40.29893],[-119.89493,40.39144],[-119.91199,40.43572],[-119.90785,40.45708],[-119.91041,40.47088],[-119.90632,40.48319],[-119.91592,40.51918],[-119.9249,40.53225],[-119.9818,40.56839],[-119.9964,40.59342],[-119.99463,40.59915]]}},{"type":"Feature","properties":{"section_id":1035,"section_name":"Duck Flat","state":"NV","secondary_state":"","dip_deg":50.0,"dip_dir":"E","rake_deg":-90.0,"upper_depth_km":0.0,"lower_depth_km":15.0},"geometry":{"type":"LineString","coordinates":[[-119.94373,41.00252],[-119.94861,41.035],[-119.94067,41.11547],[-119.94849,41.14814]]}},{"type":"Feature","properties":{"section_id":1036,"section_name":"Dunn Glenn","state":"NV","secondary_state":"","dip_deg":50.0,"dip_dir":"W","rake_deg":-90.0,"upper_depth_km":0.0,"lower_depth_km":15.0},"geometry":{"type":"LineString","coordinates":[[-117.90428,40.87315],[-117.94355,40.85819],[-117.95695,40.81658],[-117.97087,40.79497],[-117.97995,40.77061],[-117.99597,40.73029]]}},{"type":"Feature","properties":{"section_id":1037,"section_name":"Eastern Bilk Creek Mountains","state":"NV","secondary_state":"","dip_deg":50.0,"dip_dir":"E","rake_deg":-90.0,"upper_depth_km":0.0,"lower_depth_km":15.0},"geometry":{"type":"LineString","coordinates":[[-118.25645,41.66074],[-118.26376,41.68253],[-118.26114,41.70402],[-118.27256,41.74134],[-118.28673,41.75134],[-118.31079,41.79212],[-118.32002,41.79892],[-118.31939,41.81518],[-118.29961,41.82636],[-118.30172,41.8467],[-118.31687,41.86444],[-118.32177,41.87493],[-118.35374,41.91235]]}},{"type":"Feature","properties":{"section_id":1038,"section_name":"Eastern Edwards Creek Valley","state":"NV","secondary_state":"","dip_deg":50.0,"dip_dir":"NW","rake_deg":-90.0,"upper_depth_km":0.0,"lower_depth_km":15.0},"geometry":{"type":"LineString","coordinates":[[-117.51745,39.70941],[-117.51753,39.67278],[-117.51215,39.6633],[-117.52164,39.64573],[-117.51346,39.61756],[-117.52261,39.59111],[-117.55171,39.5615],[-117.59756,39.54539],[-117.62828,39.52407],[-117.65201,39.51409],[-117.7125,39.47113],[-117.74974,39.46057]]}},{"type":"Feature","properties":{"section_id":1039,"section_name":"Eastern Granite Range","state":"NV","secondary_state":"","dip_deg":50.0,"dip_dir":"E","rake_deg":-90.0,"upper_depth_km":0.0,"lower_depth_km":15.0},"geometry":{"type":"LineString","coordinates":[[-119.379,40.71329],[-119.37839,40.77775],[-119.38485,40.81755],[-119.3828,40.8365],[-119.39818,40.8551],[-119.43298,40.87142]]}},{"type":"Feature","properties":{"section_id":1040,"section_name":"Eastern Independence Valley","state":"NV","secondary_state":"","dip_deg":50.0,"dip_dir":"W","rake_deg":-90.0,"upper_depth_km":0.0,"lower_depth_km":15.0},"geometry":{"type":"LineString","coordinates":[[-116.08603,41.59301],[-116.09299,41.57998],[-116.08565,41.56014],[-116.08311,41.53827],[-116.09763,41.51921],[-116.10084,41.50079],[-116.09343,41.47855],[-116.08603,41.47531],[-116.0749,41.47323],[-116.06314,41.46668],[-116.06821,41.45951],[-116.06953,41.45213],[-116.07292,41.4414],[-116.06559,41.43117],[-116.05182,41.42636],[-116.05092,41.39238],[-116.05912,41.37648],[-116.05752,41.34335],[-116.08729,41.30482],[-116.1073,41.28743],[-116.13274,41.27377],[-116.15457,41.24374],[-116.17864,41.22575]]}},{"type":"Feature","properties":{"section_id":1041,"section_name":"Eastern Monitor Range (north)","state":"NV","secondary_state":"","dip_deg":50.0,"dip_dir":"E","rake_deg":-90.0,"upper_depth_km":0.0,"lower_depth_km":15.0},"geometry":{"type":"LineString","coordinates":[[-116.51334,38.75441],[-116.49848,38.80267],[-116.50034,38.83308],[-116.50729,38.84768],[-116.50116,38.86096],[-116.50595,38.89049],[-116.45599,38.93787],[-116.43445,38.9454],[-116.41548,38.97412],[-116.4061,39.00077],[-116.38955,39.0255]]}},{"type":"Feature","properties":{"section_id":1043,"section_name":"Eastern Osgood Mountains","state":"NV","secondary_state":"","dip_deg":50.0,"dip_dir":"SE","rake_deg":-90.0,"upper_depth_km":0.0,"lower_depth_km":15.0},"geometry":{"type":"LineString","coordinates":[[-117.31379,41.04868],[-117.26261,41.0986],[-117.24915,41.11794],[-117.23738,41.12488],[-117.20718,41.13891],[-117.18091,41.14325],[-117.17204,41.15201],[-117.12029,41.17306],[-117.11103,41.1853],[-117.08363,41.20229],[-117.0553,41.22296]]}},{"type":"Feature","properties":{"section_id":1044,"section_name":"Eastern Pine Forest Range","state":"NV","secondary_state":"","dip_deg":50.0,"dip_dir":"E","rake_deg":-90.0,"upper_depth_km":0.0,"lower_depth_km":15.0},"geometry":{"type":"LineString","coordinates":[[-118.60477,41.46824],[-118.59775,41.49989],[-118.58235,41.51062],[-118.57261,41.52655],[-118.56299,41.55813],[-118.5939,41.59591],[-118.60008,41.64393],[-118.59857,41.66999],[-118.59054,41.67839],[-118.59392,41.69326],[-118.5862,41.69876],[-118.59268,41.7069],[-118.58585,41.73207],[-118.59547,41.75749],[-118.59062,41.79369],[-118.58428,41.82578],[-118.57985,41.84813],[-118.58216,41.87255],[-118.55732,41.89218],[-118.56128,41.89851],[-118.53837,41.92205],[-118.53314,41.94026],[-118.51318,41.95979],[-118.49284,41.99905]]}},{"type":"Feature","properties":{"section_id":1045,"section_name":"Lake Range","state":"NV","secondary_state":"","dip_deg":50.0,"dip_dir":"W","rake_deg":-90.0,"upper_depth_km":0.0,"lower_depth_km":15.0},"geometry":{"type":"LineString","coordinates":[[-119.60027,40.31064],[-119.51545,40.20986],[-119.50411,40.14943],[-119.50849,40.11768],[-119.49596,40.06325],[-119.50074,40.00006],[-119.52199,39.96892],[-119.52259,39.94512],[-119.50415,39.90824]]}},{"type":"Feature","properties":{"section_id":1047,"section_name":"Edna Mountain","state":"NV","secondary_state":"","dip_deg":50.0,"dip_dir":"E","rake_deg":-90.0,"upper_depth_km":0.0,"lower_depth_km":15.0},"geometry":{"type":"LineString","coordinates":[[-117.53301,40.61727],[-117.53906,40.63181],[-117.53013,40.65412],[-117.53083,40.66306],[-117.5376,40.68023],[-117.52077,40.71276],[-117.51232,40.72334],[-117.49579,40.75604],[-117.48375,40.78428],[-117.47038,40.7883],[-117.45087,40.79023],[-117.43772,40.79829],[-117.42036,40.81296],[-117.41796,40.82346],[-117.41554,40.84757],[-117.37852,40.88791]]}},{"type":"Feature","properties":{"section_id":1048,"section_name":"Eglington","state":"NV","secondary_state":"","dip_deg":50.0,"dip_dir":"SE","rake_deg":-90.0,"upper_depth_km":0.0,"lower_depth_km":15.0},"geometry":{"type":"LineString","coordinates":[[-115.22065,36.2306],[-115.21731,36.24706],[-115.20733,36.2617],[-115.18801,36.26648],[-115.15529,36.2894],[-115.14936,36.29647],[-115.14897,36.30285]]}},{"type":"Feature","properties":{"section_id":1049,"section_name":"Emigrant Peak","state":"NV","secondary_state":"","dip_deg":50.0,"dip_dir":"W","rake_deg":-90.0,"upper_depth_km":0.0,"lower_depth_km":15.0},"geometry":{"type":"LineString","coordinates":[[-117.90785,37.93129],[-117.91625,37.91352],[-117.91577,37.90428],[-117.91885,37.8957],[-117.91956,37.88794],[-117.92047,37.86794],[-117.92835,37.85248],[-117.9287,37.84231],[-117.93777,37.83406],[-117.94918,37.8277],[-117.95244,37.82129],[-117.95504,37.81688],[-117.96272,37.81292],[-117.96869,37.8063],[-117.96775,37.79905],[-117.96639,37.78825]]}},{"type":"Feature","properties":{"section_id":1050,"section_name":"Eugene Mountains","state":"NV","secondary_state":"","dip_deg":50.0,"dip_dir":"W","rake_deg":-90.0,"upper_depth_km":0.0,"lower_depth_km":15.0},"geometry":{"type":"LineString","coordinates":[[-118.23414,40.87093],[-118.23397,40.84815],[-118.24406,40.82085],[-118.24364,40.7935],[-118.24653,40.78159]]}},{"type":"Feature","properties":{"section_id":1051,"section_name":"Fairview","state":"NV","secondary_state":"","dip_deg":50.0,"dip_dir":"SE","rake_deg":-135.0,"upper_depth_km":0.0,"lower_depth_km":15.0},"geometry":{"type":"LineString","coordinates":[[-118.18956,39.07226],[-118.187469,39.0891],[-118.19016,39.11012],[-118.1807,39.12121],[-118.16771,39.12342],[-118.15992,39.12862],[-118.15556,39.13831],[-118.1623,39.15012],[-118.15664,39.15895],[-118.14471,39.16945],[-118.14312,39.1831],[-118.15229,39.19836],[-118.14012,39.22532],[-118.13198,39.24864],[-118.13442,39.2763],[-118.13082,39.28534],[-118.12243,39.29711],[-118.12632,39.30411],[-118.11407,39.31748],[-118.11626,39.32851],[-118.10486,39.33807],[-118.10308,39.34637]]}},{"type":"Feature","properties":{"section_id":1052,"section_name":"Excelsior Mountains (unnamed)","state":"NV","secondary_state":"","dip_deg":90.0,"dip_dir":"Vertical","rake_deg":0.0,"upper_depth_km":0.0,"lower_depth_km":15.0},"geometry":{"type":"LineString","coordinates":[[-118.06652,38.22261],[-118.12162,38.24181],[-118.14598,38.25726],[-118.18784,38.25888],[-118.19287,38.26283],[-118.22939,38.26231],[-118.2602,38.25701],[-118.31111,38.24989],[-118.33644,38.25331],[-118.35594,38.249]]}},{"type":"Feature","properties":{"section_id":1053,"section_name":"Fox Range","state":"NV","secondary_state":"","dip_deg":50.0,"dip_dir":"W","rake_deg":-90.0,"upper_depth_km":0.0,"lower_depth_km":15.0},"geometry":{"type":"LineString","coordinates":[[-119.55758,40.56667],[-119.58577,40.54387],[-119.59274,40.52528],[-119.60599,40.51938],[-119.61609,40.50836],[-119.60855,40.49417],[-119.6098,40.4542],[-119.61816,40.44033],[-119.63421,40.43502],[-119.65348,40.40121],[-119.65706,40.3869],[-119.65516,40.37264],[-119.63987,40.3494],[-119.6386,40.3194],[-119.6332,40.31333],[-119.62474,40.29518]]}},{"type":"Feature","properties":{"section_id":1054,"section_name":"Freds Mountain","state":"NV","secondary_state":"","dip_deg":50.0,"dip_dir":"E","rake_deg":-90.0,"upper_depth_km":0.0,"lower_depth_km":15.0},"geometry":{"type":"LineString","coordinates":[[-119.85882,39.61962],[-119.86289,39.63444],[-119.86629,39.65509],[-119.84987,39.67688],[-119.83997,39.70546],[-119.83256,39.71519],[-119.83036,39.73519],[-119.83451,39.74031],[-119.84274,39.7551],[-119.84232,39.76987],[-119.83483,39.78053],[-119.8302,39.79365],[-119.8325,39.81202],[-119.84281,39.81761],[-119.85452,39.83089],[-119.85003,39.84924],[-119.85384,39.86752]]}},{"type":"Feature","properties":{"section_id":1055,"section_name":"Frenchman Mountain","state":"NV","secondary_state":"","dip_deg":50.0,"dip_dir":"W","rake_deg":-90.0,"upper_depth_km":0.0,"lower_depth_km":15.0},"geometry":{"type":"LineString","coordinates":[[-114.96611,36.25684],[-114.97249,36.24233],[-114.9853,36.23729],[-115.00192,36.21934],[-115.01652,36.19683],[-115.01783,36.18597],[-114.99793,36.14017],[-114.96598,36.11239],[-114.94963,36.09969]]}},{"type":"Feature","properties":{"section_id":1057,"section_name":"Granite Springs Valley","state":"NV","secondary_state":"","dip_deg":50.0,"dip_dir":"E","rake_deg":-90.0,"upper_depth_km":0.0,"lower_depth_km":15.0},"geometry":{"type":"LineString","coordinates":[[-119.0318,39.97269],[-119.00921,40.00391],[-119.01273,40.04656],[-119.01752,40.0646],[-119.03313,40.07407],[-119.03788,40.09736],[-119.04823,40.12225],[-119.06198,40.16436],[-119.03382,40.22288],[-119.02392,40.22318],[-119.01845,40.23319],[-119.01235,40.26551],[-119.0119,40.28067],[-118.98859,40.30751],[-118.95712,40.33084],[-118.92292,40.37044]]}},{"type":"Feature","properties":{"section_id":1058,"section_name":"Grass Valley","state":"NV","secondary_state":"","dip_deg":50.0,"dip_dir":"W","rake_deg":-90.0,"upper_depth_km":0.0,"lower_depth_km":15.0},"geometry":{"type":"LineString","coordinates":[[-117.67195,40.92488],[-117.71446,40.8849],[-117.72724,40.85528],[-117.72895,40.83245],[-117.71691,40.78607],[-117.69814,40.75468],[-117.67708,40.74299],[-117.66805,40.71969],[-117.67273,40.71133],[-117.66915,40.70169],[-117.64243,40.68779],[-117.63911,40.66344],[-117.63075,40.65904],[-117.63147,40.63649],[-117.63749,40.62436],[-117.61755,40.57172],[-117.60856,40.56022],[-117.61108,40.54926],[-117.60254,40.52168],[-117.6059,40.48795]]}},{"type":"Feature","properties":{"section_id":1059,"section_name":"Hiko","state":"NV","secondary_state":"","dip_deg":50.0,"dip_dir":"W","rake_deg":-90.0,"upper_depth_km":0.0,"lower_depth_km":15.0},"geometry":{"type":"LineString","coordinates":[[-115.18407,37.67383],[-115.21444,37.6437],[-115.21831,37.63057],[-115.22461,37.62014],[-115.22924,37.61172],[-115.23231,37.59801],[-115.23213,37.58912],[-115.24485,37.56649],[-115.24579,37.54738]]}},{"type":"Feature","properties":{"section_id":1060,"section_name":"Hoppins Peak","state":"NV","secondary_state":"OR","dip_deg":50.0,"dip_dir":"SE","rake_deg":-90.0,"upper_depth_km":0.0,"lower_depth_km":15.0},"geometry":{"type":"LineString","coordinates":[[-117.996598,41.511251],[-117.981692,41.52243],[-117.965959,41.551828],[-117.989973,41.621388],[-117.960576,41.685565],[-117.932421,41.715376],[-117.905922,41.722415],[-117.874454,41.756367],[-117.833878,41.791975],[-117.804066,41.819716],[-117.797855,41.860707],[-117.760591,41.907494],[-117.744029,41.942274],[-117.760591,41.975398],[-117.794543,42.037505],[-117.828909,42.099198],[-117.842158,42.158821],[-117.89143,42.2201],[-117.940702,42.280965],[-117.948569,42.312433],[-117.944014,42.333963]]}},{"type":"Feature","properties":{"section_id":1061,"section_name":"Hot Springs","state":"NV","secondary_state":"","dip_deg":50.0,"dip_dir":"NW","rake_deg":-90.0,"upper_depth_km":0.0,"lower_depth_km":15.0},"geometry":{"type":"LineString","coordinates":[[-118.15109,39.05922],[-118.14874,39.04467],[-118.15641,39.0261],[-118.15915,38.9961],[-118.16505,38.95354],[-118.18086,38.93993],[-118.20049,38.89977],[-118.22055,38.89136],[-118.23129,38.87705],[-118.24121,38.86452]]}},{"type":"Feature","properties":{"section_id":1062,"section_name":"Huntoon Valley (north)","state":"NV","secondary_state":"","dip_deg":90.0,"dip_dir":"Vertical","rake_deg":0.0,"upper_depth_km":0.0,"lower_depth_km":15.0},"geometry":{"type":"LineString","coordinates":[[-118.50444,38.19049],[-118.46194,38.20685],[-118.43085,38.25704]]}},{"type":"Feature","properties":{"section_id":1063,"section_name":"Independence Valley","state":"NV","secondary_state":"","dip_deg":50.0,"dip_dir":"W","rake_deg":-90.0,"upper_depth_km":0.0,"lower_depth_km":15.0},"geometry":{"type":"LineString","coordinates":[[-114.6428,41.07148],[-114.62322,41.01301],[-114.65422,41.00009],[-114.65828,40.96292],[-114.64474,40.92892],[-114.62096,40.81733],[-114.62908,40.77303],[-114.6012,40.75389],[-114.638609,40.695026],[-114.67595,40.63615]]}},{"type":"Feature","properties":{"section_id":1064,"section_name":"Indian Head","state":"NV","secondary_state":"","dip_deg":90.0,"dip_dir":"Vertical","rake_deg":180.0,"upper_depth_km":0.0,"lower_depth_km":15.0},"geometry":{"type":"LineString","coordinates":[[-118.37444,38.66851],[-118.36982,38.6502],[-118.35443,38.61989],[-118.34407,38.6072],[-118.30869,38.57304],[-118.29786,38.56523],[-118.29279,38.55639],[-118.289,38.55168]]}},{"type":"Feature","properties":{"section_id":1065,"section_name":"Indian Hill","state":"NV","secondary_state":"","dip_deg":50.0,"dip_dir":"SE","rake_deg":-90.0,"upper_depth_km":0.0,"lower_depth_km":15.0},"geometry":{"type":"LineString","coordinates":[[-119.82866,39.04928],[-119.81969,39.05881],[-119.80168,39.06368],[-119.78704,39.06323],[-119.78573,39.06728],[-119.79016,39.08142],[-119.78572,39.08896],[-119.77836,39.09477]]}},{"type":"Feature","properties":{"section_id":1066,"section_name":"Ione Valley","state":"NV","secondary_state":"","dip_deg":50.0,"dip_dir":"W","rake_deg":-90.0,"upper_depth_km":0.0,"lower_depth_km":15.0},"geometry":{"type":"LineString","coordinates":[[-117.48406,39.24784],[-117.50347,39.23127],[-117.52114,39.20495],[-117.55638,39.17225],[-117.57034,39.14402],[-117.57798,39.10522],[-117.58009,39.04519],[-117.58842,39.00012],[-117.56697,38.9605],[-117.58969,38.91575],[-117.60874,38.89054],[-117.60542,38.87102],[-117.58859,38.85131],[-117.59331,38.83416],[-117.60901,38.80197],[-117.60326,38.75674],[-117.5937,38.69736],[-117.62662,38.64937],[-117.63646,38.60119],[-117.6423,38.58999]]}},{"type":"Feature","properties":{"section_id":1067,"section_name":"Jackson Mountains","state":"NV","secondary_state":"","dip_deg":50.0,"dip_dir":"W","rake_deg":-90.0,"upper_depth_km":0.0,"lower_depth_km":15.0},"geometry":{"type":"LineString","coordinates":[[-118.43909,41.5754],[-118.45586,41.53677],[-118.46386,41.49139],[-118.47531,41.46563],[-118.47112,41.42753],[-118.45552,41.41966],[-118.45587,41.41018],[-118.4963,41.38547],[-118.51184,41.37119],[-118.523,41.35263],[-118.53889,41.30986],[-118.57633,41.25581],[-118.60558,41.21242],[-118.59034,41.18033],[-118.59375,41.15597],[-118.58254,41.10766],[-118.58065,41.07873],[-118.62372,41.06219],[-118.63751,41.04369],[-118.63826,41.01622],[-118.62404,40.97832]]}},{"type":"Feature","properties":{"section_id":1068,"section_name":"Jakes Valley","state":"NV","secondary_state":"","dip_deg":50.0,"dip_dir":"E","rake_deg":-90.0,"upper_depth_km":0.0,"lower_depth_km":15.0},"geometry":{"type":"LineString","coordinates":[[-115.35382,39.14421],[-115.348,39.16557],[-115.34005,39.18847],[-115.32498,39.20999],[-115.31318,39.26904],[-115.32125,39.28409],[-115.31831,39.30023],[-115.32785,39.36481],[-115.32222,39.37817],[-115.31662,39.39662],[-115.30277,39.4113],[-115.2902,39.43256],[-115.27547,39.44377]]}},{"type":"Feature","properties":{"section_id":1069,"section_name":"Jersey Valley","state":"NV","secondary_state":"","dip_deg":50.0,"dip_dir":"W","rake_deg":-90.0,"upper_depth_km":0.0,"lower_depth_km":15.0},"geometry":{"type":"LineString","coordinates":[[-117.43897,40.27988],[-117.43732,40.24175],[-117.45958,40.21686],[-117.472,40.19046],[-117.47231,40.17271],[-117.50817,40.1431],[-117.53356,40.10091],[-117.54947,40.08274],[-117.56303,40.06772],[-117.58012,40.035],[-117.59775,40.02372],[-117.60664,40.01288]]}},{"type":"Feature","properties":{"section_id":1070,"section_name":"Kane Spring Wash","state":"NV","secondary_state":"","dip_deg":90.0,"dip_dir":"Vertical","rake_deg":0.0,"upper_depth_km":0.0,"lower_depth_km":15.0},"geometry":{"type":"LineString","coordinates":[[-114.57052,37.28655],[-114.58391,37.27963],[-114.59831,37.2625],[-114.6326,37.23806],[-114.64849,37.21286],[-114.67469,37.17244],[-114.67234,37.1623],[-114.72277,37.13318],[-114.7406,37.10955],[-114.7448,37.09717],[-114.77321,37.08012],[-114.78713,37.06282],[-114.82667,37.04793],[-114.83343,37.03685],[-114.87581,37.01001]]}},{"type":"Feature","properties":{"section_id":1071,"section_name":"Kawich Range - Hot Creek Ranges","state":"NV","secondary_state":"","dip_deg":50.0,"dip_dir":"E","rake_deg":-90.0,"upper_depth_km":0.0,"lower_depth_km":15.0},"geometry":{"type":"LineString","coordinates":[[-116.28319,37.75414],[-116.31341,37.80199],[-116.347993,37.873594],[-116.38265,37.94518],[-116.38089,37.99825],[-116.38775,38.01766],[-116.36059,38.11417],[-116.38047,38.14964],[-116.38645,38.17064],[-116.37032,38.19452],[-116.38002,38.22273],[-116.37645,38.24195],[-116.35365,38.26108],[-116.35004,38.3033],[-116.35209,38.32328],[-116.36706,38.34466],[-116.35927,38.35871],[-116.37122,38.37462],[-116.37176,38.38825],[-116.35406,38.39237],[-116.34121,38.42045],[-116.35016,38.44552],[-116.36216,38.46204],[-116.36572,38.4944],[-116.34424,38.51872],[-116.33318,38.54398],[-116.29451,38.55938],[-116.25068,38.59785],[-116.24502,38.64706],[-116.25221,38.66928],[-116.22569,38.69812],[-116.23278,38.72134],[-116.22644,38.74112]]}},{"type":"Feature","properties":{"section_id":1072,"section_name":"Kings Canyon","state":"NV","secondary_state":"","dip_deg":50.0,"dip_dir":"E","rake_deg":-90.0,"upper_depth_km":0.0,"lower_depth_km":15.0},"geometry":{"type":"LineString","coordinates":[[-119.85684,39.11237],[-119.84281,39.11896],[-119.8376,39.12523],[-119.83856,39.1355],[-119.81905,39.14534],[-119.81696,39.1544],[-119.80624,39.16588],[-119.79414,39.1802],[-119.79352,39.1899],[-119.77226,39.20433],[-119.75887,39.20859],[-119.7354,39.22799]]}},{"type":"Feature","properties":{"section_id":1073,"section_name":"Little Fish Lake Valley","state":"NV","secondary_state":"","dip_deg":50.0,"dip_dir":"NW","rake_deg":-90.0,"upper_depth_km":0.0,"lower_depth_km":15.0},"geometry":{"type":"LineString","coordinates":[[-116.26832,38.99982],[-116.26845,38.98336],[-116.27592,38.96515],[-116.29955,38.93478],[-116.29979,38.91804],[-116.3132,38.90104],[-116.31398,38.88126],[-116.34317,38.83779],[-116.35574,38.82733],[-116.34764,38.78322],[-116.37761,38.70859],[-116.391,38.69819],[-116.40129,38.67871],[-116.3983,38.66903],[-116.41804,38.64088]]}},{"type":"Feature","properties":{"section_id":1074,"section_name":"Little Valley","state":"NV","secondary_state":"","dip_deg":50.0,"dip_dir":"E","rake_deg":-90.0,"upper_depth_km":0.0,"lower_depth_km":15.0},"geometry":{"type":"LineString","coordinates":[[-119.87893,39.19722],[-119.88618,39.21347],[-119.88386,39.23131],[-119.89082,39.24763],[-119.85775,39.30488],[-119.86098,39.33189],[-119.86952,39.35153]]}},{"type":"Feature","properties":{"section_id":1075,"section_name":"Lone Mountain","state":"NV","secondary_state":"","dip_deg":50.0,"dip_dir":"NW","rake_deg":-90.0,"upper_depth_km":0.0,"lower_depth_km":15.0},"geometry":{"type":"LineString","coordinates":[[-117.47695,38.12357],[-117.48077,38.10873],[-117.47261,38.10009],[-117.47881,38.0947],[-117.48625,38.09381],[-117.48973,38.08375],[-117.49767,38.07865],[-117.49618,38.07364],[-117.51241,38.06263],[-117.53857,38.05649],[-117.59297,38.03471],[-117.62149,38.00329],[-117.62749,37.98259],[-117.65688,37.965],[-117.68081,37.93675]]}},{"type":"Feature","properties":{"section_id":1078,"section_name":"Middlegate","state":"NV","secondary_state":"","dip_deg":50.0,"dip_dir":"W","rake_deg":-90.0,"upper_depth_km":0.0,"lower_depth_km":15.0},"geometry":{"type":"LineString","coordinates":[[-117.99209,39.55763],[-117.9838,39.53207],[-117.97403,39.50903],[-117.9706,39.46896],[-117.97826,39.45268],[-117.9792,39.44276],[-117.96155,39.39972],[-117.98508,39.34563],[-117.99151,39.29024],[-117.99403,39.26604],[-117.99221,39.22132]]}},{"type":"Feature","properties":{"section_id":1079,"section_name":"Montana Mountains - Desert Valley","state":"NV","secondary_state":"","dip_deg":50.0,"dip_dir":"W","rake_deg":-90.0,"upper_depth_km":0.0,"lower_depth_km":15.0},"geometry":{"type":"LineString","coordinates":[[-118.2627,41.96333],[-118.25465,41.93572],[-118.21752,41.90733],[-118.20087,41.8396],[-118.14672,41.77228],[-118.15231,41.75225],[-118.12904,41.72051],[-118.1356,41.71636],[-118.10781,41.66495],[-118.09756,41.61802],[-118.11418,41.59912],[-118.13318,41.51615],[-118.15314,41.50811],[-118.15724,41.45041],[-118.14883,41.42497],[-118.14101,41.38138],[-118.12658,41.36089],[-118.1363,41.30386],[-118.12356,41.25764],[-118.12473,41.23829],[-118.12208,41.19957],[-118.12596,41.16882],[-118.11473,41.14541],[-118.11318,41.10757]]}},{"type":"Feature","properties":{"section_id":1080,"section_name":"Monte Cristo Valley","state":"NV","secondary_state":"","dip_deg":90.0,"dip_dir":"Vertical","rake_deg":180.0,"upper_depth_km":0.0,"lower_depth_km":15.0},"geometry":{"type":"LineString","coordinates":[[-117.9052,38.55226],[-117.91394,38.51858],[-117.89375,38.49585],[-117.8845,38.46688],[-117.87731,38.46298],[-117.87464,38.45577],[-117.85327,38.4373],[-117.84835,38.41639],[-117.83831,38.40511],[-117.83673,38.3914],[-117.8269,38.37166],[-117.80464,38.32699],[-117.80057,38.31452]]}},{"type":"Feature","properties":{"section_id":1082,"section_name":"Mount Rose","state":"NV","secondary_state":"","dip_deg":50.0,"dip_dir":"E","rake_deg":-90.0,"upper_depth_km":0.0,"lower_depth_km":15.0},"geometry":{"type":"LineString","coordinates":[[-119.80863,39.20554],[-119.80933,39.20917],[-119.81494,39.21267],[-119.81708,39.22915],[-119.82174,39.23116],[-119.84758,39.24772],[-119.84247,39.25648],[-119.84377,39.28064],[-119.8331,39.29845],[-119.83503,39.31249],[-119.84295,39.32252],[-119.84444,39.33674],[-119.84254,39.35246],[-119.83675,39.37872],[-119.84204,39.40107],[-119.84373,39.41381],[-119.84088,39.42769],[-119.84506,39.44857],[-119.85098,39.46661],[-119.85586,39.47223],[-119.87387,39.48444]]}},{"type":"Feature","properties":{"section_id":1084,"section_name":"Northern Butte Valley","state":"NV","secondary_state":"","dip_deg":50.0,"dip_dir":"W","rake_deg":-90.0,"upper_depth_km":0.0,"lower_depth_km":15.0},"geometry":{"type":"LineString","coordinates":[[-114.94555,40.36552],[-114.96213,40.31578],[-114.96484,40.30928],[-114.9756,40.29695],[-114.97529,40.28269],[-114.98437,40.25972],[-115.00068,40.24481],[-115.01632,40.23136]]}},{"type":"Feature","properties":{"section_id":1085,"section_name":"Northern Huntington Valley","state":"NV","secondary_state":"","dip_deg":50.0,"dip_dir":"W","rake_deg":-90.0,"upper_depth_km":0.0,"lower_depth_km":15.0},"geometry":{"type":"LineString","coordinates":[[-115.5978,40.41007],[-115.62368,40.34603],[-115.62986,40.32686],[-115.64972,40.31014],[-115.66131,40.29271],[-115.67659,40.26777],[-115.67826,40.23867],[-115.70561,40.19369]]}},{"type":"Feature","properties":{"section_id":1086,"section_name":"Northern Roberts Mountains","state":"NV","secondary_state":"","dip_deg":50.0,"dip_dir":"NW","rake_deg":-90.0,"upper_depth_km":0.0,"lower_depth_km":15.0},"geometry":{"type":"LineString","coordinates":[[-116.21034,39.99906],[-116.2316,39.98718],[-116.28069,39.95912],[-116.30414,39.95283],[-116.35098,39.93063],[-116.36001,39.93147],[-116.37352,39.9239],[-116.40948,39.87698]]}},{"type":"Feature","properties":{"section_id":1087,"section_name":"Northern Simpson Park Mountains","state":"NV","secondary_state":"","dip_deg":50.0,"dip_dir":"N","rake_deg":-90.0,"upper_depth_km":0.0,"lower_depth_km":15.0},"geometry":{"type":"LineString","coordinates":[[-116.346768,40.087984],[-116.36162,40.073637],[-116.37243,40.06212],[-116.393243,40.056664],[-116.423553,40.059493],[-116.45063,40.048379],[-116.475888,40.043227]]}},{"type":"Feature","properties":{"section_id":1088,"section_name":"Paradise Range","state":"NV","secondary_state":"","dip_deg":50.0,"dip_dir":"NW","rake_deg":-90.0,"upper_depth_km":0.0,"lower_depth_km":15.0},"geometry":{"type":"LineString","coordinates":[[-117.80916,39.09262],[-117.79397,39.05595],[-117.79559,39.04765],[-117.79884,39.01508],[-117.82862,38.97873],[-117.8281,38.97232],[-117.83451,38.96181],[-117.83698,38.93674],[-117.84541,38.93174],[-117.87671,38.93025],[-117.90153,38.91922],[-117.912,38.91182],[-117.91564,38.89798],[-117.90814,38.88625],[-117.91061,38.87503],[-117.9239,38.8492],[-117.92394,38.83566],[-117.9301,38.83097],[-117.93769,38.81622],[-117.94691,38.78247],[-117.95406,38.76862]]}},{"type":"Feature","properties":{"section_id":1089,"section_name":"Peavine Peak","state":"NV","secondary_state":"","dip_deg":50.0,"dip_dir":"NE","rake_deg":-90.0,"upper_depth_km":0.0,"lower_depth_km":15.0},"geometry":{"type":"LineString","coordinates":[[-119.91085,39.58691],[-119.91049,39.59409],[-119.91841,39.60566],[-119.9336,39.61784],[-119.94566,39.62669],[-119.96364,39.63309],[-119.97438,39.63228],[-119.99791,39.66839]]}},{"type":"Feature","properties":{"section_id":1090,"section_name":"Penoyer","state":"NV","secondary_state":"","dip_deg":50.0,"dip_dir":"NW","rake_deg":-90.0,"upper_depth_km":0.0,"lower_depth_km":15.0},"geometry":{"type":"LineString","coordinates":[[-115.59761,37.96382],[-115.61818,37.95609],[-115.62357,37.94387],[-115.62205,37.93192],[-115.6366,37.91962],[-115.62384,37.86311],[-115.63283,37.82035],[-115.62995,37.7748],[-115.64397,37.75872],[-115.66562,37.70589],[-115.68305,37.68083],[-115.68727,37.66385],[-115.7321,37.62234],[-115.82625,37.61956],[-115.86138,37.60716],[-115.88088,37.59269]]}},{"type":"Feature","properties":{"section_id":1091,"section_name":"Petersen Mountain (west)","state":"NV","secondary_state":"","dip_deg":50.0,"dip_dir":"E","rake_deg":-90.0,"upper_depth_km":0.0,"lower_depth_km":15.0},"geometry":{"type":"LineString","coordinates":[[-119.98011,39.67542],[-119.97821,39.70309],[-119.96687,39.70992],[-119.96062,39.73047],[-119.96772,39.74224],[-119.96544,39.76111],[-119.95811,39.76514],[-119.95173,39.78311],[-119.95405,39.79488],[-119.95715,39.81682],[-119.96636,39.84189],[-119.98443,39.88409]]}},{"type":"Feature","properties":{"section_id":1092,"section_name":"Petersen Mountain (east)","state":"NV","secondary_state":"","dip_deg":50.0,"dip_dir":"E","rake_deg":-90.0,"upper_depth_km":0.0,"lower_depth_km":15.0},"geometry":{"type":"LineString","coordinates":[[-119.93034,39.75664],[-119.93941,39.76916],[-119.94221,39.77377],[-119.94131,39.78644],[-119.93092,39.80405],[-119.93818,39.83018],[-119.94219,39.86543],[-119.94359,39.89198],[-119.94071,39.89796]]}},{"type":"Feature","properties":{"section_id":1094,"section_name":"Pyramid Lake","state":"NV","secondary_state":"","dip_deg":90.0,"dip_dir":"Vertical","rake_deg":180.0,"upper_depth_km":0.0,"lower_depth_km":15.0},"geometry":{"type":"LineString","coordinates":[[-119.23218,39.5299],[-119.25394,39.59167],[-119.2657,39.62683],[-119.28498,39.6718],[-119.34107,39.74784],[-119.3802,39.78752],[-119.40077,39.81301],[-119.44796,39.84671],[-119.47358,39.86928],[-119.50887,39.89831]]}},{"type":"Feature","properties":{"section_id":1095,"section_name":"Railroad Valley","state":"NV","secondary_state":"","dip_deg":50.0,"dip_dir":"W","rake_deg":-90.0,"upper_depth_km":0.0,"lower_depth_km":15.0},"geometry":{"type":"LineString","coordinates":[[-115.52646,39.29675],[-115.56195,39.27762],[-115.575114,39.251304],[-115.56331,39.22772],[-115.5456,39.20143],[-115.54667,39.18642],[-115.53778,39.1751],[-115.5362,39.07784],[-115.51352,39.03298],[-115.53203,38.98806],[-115.5278,38.96821],[-115.51738,38.96281],[-115.51145,38.95266],[-115.51983,38.93817],[-115.51711,38.88663],[-115.49814,38.80954],[-115.46793,38.7456],[-115.45339,38.72492],[-115.4588,38.69507],[-115.46153,38.66147],[-115.4752,38.64669],[-115.48006,38.62332],[-115.52078,38.55364],[-115.53213,38.50303],[-115.52915,38.45307],[-115.55394,38.43268],[-115.60012,38.3662],[-115.59886,38.29684],[-115.64343,38.24078],[-115.69032,38.24042],[-115.69976,38.22704],[-115.74207,38.21661],[-115.76471,38.18804],[-115.80954,38.16666],[-115.8373,38.11581],[-115.83842,38.08923]]}},{"type":"Feature","properties":{"section_id":1096,"section_name":"Rainbow Mountain","state":"NV","secondary_state":"","dip_deg":90.0,"dip_dir":"Vertical","rake_deg":180.0,"upper_depth_km":0.0,"lower_depth_km":15.0},"geometry":{"type":"LineString","coordinates":[[-118.42243,39.28901],[-118.49581,39.31945],[-118.54703,39.37511],[-118.52474,39.4308],[-118.51697,39.55387],[-118.50124,39.56944],[-118.47388,39.60301],[-118.46688,39.62326],[-118.46026,39.68579],[-118.45876,39.74968],[-118.45229,39.76371],[-118.45891,39.8743]]}},{"type":"Feature","properties":{"section_id":1097,"section_name":"Rattlesnake Flat","state":"NV","secondary_state":"","dip_deg":90.0,"dip_dir":"Vertical","rake_deg":0.0,"upper_depth_km":0.0,"lower_depth_km":15.0},"geometry":{"type":"LineString","coordinates":[[-118.47461,38.32563],[-118.44659,38.32037],[-118.41821,38.32689],[-118.39685,38.33612],[-118.37821,38.34085],[-118.33611,38.35067],[-118.32288,38.35302],[-118.309,38.35354]]}},{"type":"Feature","properties":{"section_id":1098,"section_name":"Ruby Mountains (north)","state":"NV","secondary_state":"","dip_deg":50.0,"dip_dir":"NW","rake_deg":-90.0,"upper_depth_km":0.0,"lower_depth_km":15.0},"geometry":{"type":"LineString","coordinates":[[-115.02113,41.08788],[-115.04764,41.09633],[-115.08848,41.0946],[-115.12212,41.07583],[-115.14812,41.06724],[-115.16922,41.0457],[-115.17604,41.0308],[-115.23261,41.01771],[-115.24909,40.98932],[-115.27378,40.96476],[-115.28821,40.96265],[-115.30984,40.91069],[-115.30844,40.87404]]}},{"type":"Feature","properties":{"section_id":1099,"section_name":"Ruby Mountains (south)","state":"NV","secondary_state":"","dip_deg":50.0,"dip_dir":"NW","rake_deg":-90.0,"upper_depth_km":0.0,"lower_depth_km":15.0},"geometry":{"type":"LineString","coordinates":[[-115.40183,40.72494],[-115.41673,40.71504],[-115.46531,40.70316],[-115.47935,40.70063],[-115.50696,40.68309],[-115.52433,40.65918],[-115.56531,40.64594],[-115.58125,40.64127],[-115.61039,40.62295]]}},{"type":"Feature","properties":{"section_id":1100,"section_name":"Ruby Valley","state":"NV","secondary_state":"","dip_deg":50.0,"dip_dir":"E","rake_deg":-90.0,"upper_depth_km":0.0,"lower_depth_km":15.0},"geometry":{"type":"LineString","coordinates":[[-115.56446,40.04042],[-115.55612,40.05432],[-115.55629,40.06221],[-115.55263,40.07574],[-115.54714,40.08665],[-115.5447,40.09933],[-115.53644,40.11826],[-115.53285,40.13023],[-115.51555,40.15142],[-115.5045,40.16108],[-115.4939,40.17367],[-115.49204,40.18447],[-115.49476,40.21011],[-115.49047,40.22105],[-115.49744,40.235],[-115.49871,40.24841],[-115.48587,40.27586],[-115.4721,40.28381],[-115.46476,40.29381],[-115.4579,40.30545],[-115.45591,40.3201],[-115.45247,40.32783],[-115.45326,40.3468],[-115.45344,40.36484],[-115.44382,40.37122],[-115.43885,40.38269],[-115.37276,40.47279],[-115.35664,40.49061],[-115.3576,40.5081],[-115.35461,40.51721],[-115.34756,40.52951],[-115.3443,40.53586],[-115.32618,40.55777],[-115.30681,40.57192],[-115.30314,40.58488],[-115.28885,40.60345],[-115.28148,40.62789],[-115.28441,40.63927],[-115.28661,40.65457],[-115.28538,40.6726],[-115.26691,40.68934],[-115.25884,40.70286]]}},{"type":"Feature","properties":{"section_id":1101,"section_name":"Sand Springs Range","state":"NV","secondary_state":"","dip_deg":50.0,"dip_dir":"E","rake_deg":-90.0,"upper_depth_km":0.0,"lower_depth_km":15.0},"geometry":{"type":"LineString","coordinates":[[-118.33717,39.06954],[-118.33645,39.08175],[-118.31857,39.10754],[-118.31605,39.11994],[-118.32109,39.13925],[-118.33645,39.15003],[-118.33133,39.16782],[-118.34229,39.19693],[-118.32351,39.22747],[-118.33115,39.24589],[-118.31695,39.26547],[-118.32477,39.28308],[-118.33942,39.29548],[-118.34229,39.30536],[-118.33708,39.32827],[-118.32262,39.34076]]}},{"type":"Feature","properties":{"section_id":1102,"section_name":"San Emidio","state":"NV","secondary_state":"","dip_deg":50.0,"dip_dir":"W","rake_deg":-90.0,"upper_depth_km":0.0,"lower_depth_km":15.0},"geometry":{"type":"LineString","coordinates":[[-119.35981,40.457],[-119.36947,40.44632],[-119.38644,40.40611],[-119.38071,40.37834],[-119.37621,40.35305],[-119.38708,40.34334],[-119.39939,40.33894],[-119.40325,40.32824],[-119.40786,40.31872],[-119.41614,40.3085],[-119.42373,40.28675],[-119.42398,40.28141],[-119.42902,40.27114],[-119.43679,40.2555],[-119.43284,40.21738],[-119.4625,40.19156],[-119.46521,40.18095]]}},{"type":"Feature","properties":{"section_id":1103,"section_name":"Schell Creek Range","state":"NV","secondary_state":"","dip_deg":50.0,"dip_dir":"E","rake_deg":-90.0,"upper_depth_km":0.0,"lower_depth_km":15.0},"geometry":{"type":"LineString","coordinates":[[-114.58056,39.11225],[-114.57311,39.12886],[-114.56698,39.14363],[-114.57081,39.14805],[-114.56326,39.17401],[-114.55711,39.18665],[-114.55154,39.20687],[-114.53831,39.22918],[-114.51836,39.25072],[-114.50146,39.2668],[-114.50077,39.28154],[-114.50539,39.30556],[-114.5089,39.31887],[-114.51519,39.32402],[-114.52681,39.34019],[-114.52598,39.35774],[-114.53031,39.4015],[-114.53538,39.44778],[-114.5439,39.47032],[-114.54777,39.52463],[-114.54679,39.55827],[-114.5544,39.58208],[-114.5504,39.61039],[-114.54467,39.62459],[-114.54421,39.63936],[-114.57882,39.66671],[-114.58922,39.66955],[-114.58788,39.68264],[-114.58327,39.72059],[-114.60055,39.72838],[-114.61813,39.7427],[-114.63336,39.77712],[-114.64051,39.79298],[-114.64025,39.80932],[-114.62479,39.83932],[-114.6252,39.86015],[-114.62387,39.88798],[-114.61406,39.90182],[-114.60064,39.91821],[-114.59288,39.92944],[-114.57163,39.94483],[-114.55209,39.97036]]}},{"type":"Feature","properties":{"section_id":1104,"section_name":"Selenite Range","state":"NV","secondary_state":"","dip_deg":50.0,"dip_dir":"W","rake_deg":-90.0,"upper_depth_km":0.0,"lower_depth_km":15.0},"geometry":{"type":"LineString","coordinates":[[-119.28942,40.49823],[-119.30261,40.46011],[-119.30177,40.4482],[-119.28857,40.42142],[-119.28869,40.40785],[-119.29552,40.38971],[-119.29937,40.35124],[-119.29831,40.34074]]}},{"type":"Feature","properties":{"section_id":1105,"section_name":"Seven Troughs Range","state":"NV","secondary_state":"","dip_deg":50.0,"dip_dir":"E","rake_deg":-90.0,"upper_depth_km":0.0,"lower_depth_km":15.0},"geometry":{"type":"LineString","coordinates":[[-118.84457,40.31034],[-118.83081,40.31899],[-118.82402,40.35223],[-118.82611,40.36496],[-118.82528,40.38001],[-118.80706,40.42224],[-118.78653,40.42403],[-118.77695,40.42905],[-118.75727,40.45387],[-118.74986,40.46106],[-118.74128,40.47093],[-118.73674,40.47871],[-118.74918,40.50024],[-118.71769,40.54081],[-118.7025,40.56292],[-118.6886,40.61394],[-118.68631,40.61718]]}},{"type":"Feature","properties":{"section_id":1106,"section_name":"Sheep Basin","state":"NV","secondary_state":"","dip_deg":50.0,"dip_dir":"W","rake_deg":-90.0,"upper_depth_km":0.0,"lower_depth_km":15.0},"geometry":{"type":"LineString","coordinates":[[-115.19042,37.10119],[-115.19169,37.09017],[-115.18428,37.06505],[-115.17181,37.04871],[-115.16963,37.03353],[-115.17079,37.01908],[-115.16976,36.95471],[-115.15825,36.93423],[-115.13671,36.89452],[-115.13193,36.84311],[-115.13563,36.80473]]}},{"type":"Feature","properties":{"section_id":1107,"section_name":"Sheep Creek Range (west)","state":"NV","secondary_state":"","dip_deg":50.0,"dip_dir":"W","rake_deg":-90.0,"upper_depth_km":0.0,"lower_depth_km":15.0},"geometry":{"type":"LineString","coordinates":[[-116.89755,40.76239],[-116.89033,40.72959],[-116.85789,40.68646]]}},{"type":"Feature","properties":{"section_id":1108,"section_name":"Shoshone Range","state":"NV","secondary_state":"","dip_deg":50.0,"dip_dir":"NW","rake_deg":-90.0,"upper_depth_km":0.0,"lower_depth_km":15.0},"geometry":{"type":"LineString","coordinates":[[-116.45302,40.77763],[-116.47707,40.72559],[-116.54577,40.69582],[-116.62228,40.67028],[-116.71203,40.66156],[-116.76189,40.64871],[-116.76584,40.59885],[-116.75416,40.56256],[-116.76926,40.54774],[-116.77348,40.52312],[-116.76319,40.51358],[-116.78947,40.49932],[-116.84481,40.49315],[-116.87608,40.47928],[-116.93663,40.43517],[-116.94472,40.42556],[-116.94948,40.40606],[-117.00752,40.31335],[-117.03797,40.28329],[-117.03474,40.26565],[-117.05711,40.13996],[-117.09565,40.05803],[-117.12673,40.02937],[-117.14207,39.9998],[-117.16303,39.97529],[-117.17367,39.94564]]}},{"type":"Feature","properties":{"section_id":1109,"section_name":"Simpson Park Mountains","state":"NV","secondary_state":"","dip_deg":50.0,"dip_dir":"W","rake_deg":-90.0,"upper_depth_km":0.0,"lower_depth_km":15.0},"geometry":{"type":"LineString","coordinates":[[-116.6137,40.19928],[-116.58359,40.12659],[-116.58703,40.09954],[-116.58363,40.07381],[-116.56508,40.04325],[-116.55752,40.01841],[-116.55822,39.99894],[-116.57584,39.92406],[-116.5805,39.89072],[-116.58107,39.85804],[-116.5884,39.83932],[-116.60723,39.81361],[-116.62491,39.80566],[-116.64219,39.76009],[-116.65326,39.74674],[-116.6568,39.72642],[-116.67055,39.70735],[-116.71977,39.65671],[-116.73913,39.62359],[-116.7709,39.60715]]}},{"type":"Feature","properties":{"section_id":1110,"section_name":"Singatse Range","state":"NV","secondary_state":"","dip_deg":50.0,"dip_dir":"E","rake_deg":-90.0,"upper_depth_km":0.0,"lower_depth_km":15.0},"geometry":{"type":"LineString","coordinates":[[-119.17611,38.76398],[-119.17874,38.78166],[-119.17619,38.80433],[-119.18061,38.81336],[-119.1914,38.81611],[-119.199,38.82561],[-119.19345,38.83424],[-119.19438,38.84561],[-119.18841,38.84738],[-119.20131,38.86216],[-119.20124,38.88811],[-119.20818,38.90232],[-119.21162,38.91462],[-119.2054,38.93159],[-119.19754,38.93864],[-119.19457,38.95355],[-119.19613,38.96376],[-119.23169,38.99949],[-119.23406,39.01905],[-119.22871,39.03465]]}},{"type":"Feature","properties":{"section_id":1111,"section_name":"Smith Valley (north)","state":"NV","secondary_state":"","dip_deg":50.0,"dip_dir":"E","rake_deg":-90.0,"upper_depth_km":0.0,"lower_depth_km":15.0},"geometry":{"type":"LineString","coordinates":[[-119.33935,38.67648],[-119.33692,38.7116],[-119.35498,38.73757],[-119.38499,38.75338],[-119.38858,38.76281],[-119.40206,38.76955],[-119.39523,38.79417],[-119.40592,38.81384],[-119.40449,38.82139],[-119.43503,38.86199],[-119.43593,38.86819],[-119.41751,38.88455],[-119.41167,38.90063],[-119.41769,38.90799],[-119.41787,38.92839],[-119.4291,38.94779],[-119.41913,38.96765],[-119.44833,39.00089],[-119.45237,39.03925],[-119.45048,39.05165],[-119.42648,39.06173],[-119.41845,39.07826]]}},{"type":"Feature","properties":{"section_id":1112,"section_name":"Southwest Reese River Valley","state":"NV","secondary_state":"","dip_deg":50.0,"dip_dir":"E","rake_deg":-90.0,"upper_depth_km":0.0,"lower_depth_km":15.0},"geometry":{"type":"LineString","coordinates":[[-117.50684,38.57497],[-117.5162,38.61143],[-117.51499,38.6704],[-117.52261,38.6945],[-117.52116,38.74744],[-117.52138,38.76641],[-117.51555,38.77237],[-117.51619,38.79014],[-117.50837,38.80451],[-117.50895,38.82928],[-117.49755,38.85293],[-117.50186,38.89042],[-117.49742,38.91078],[-117.50055,38.92618],[-117.51063,38.93074],[-117.51961,38.94726],[-117.50983,38.98778],[-117.5125,39.01507],[-117.52218,39.02422],[-117.51899,39.04784],[-117.50728,39.06672],[-117.48739,39.08334],[-117.4398,39.10159],[-117.39394,39.13404],[-117.37546,39.17886],[-117.37002,39.20034],[-117.34849,39.22077]]}},{"type":"Feature","properties":{"section_id":1113,"section_name":"Spanish Springs Peak","state":"NV","secondary_state":"","dip_deg":90.0,"dip_dir":"Vertical","rake_deg":0.0,"upper_depth_km":0.0,"lower_depth_km":15.0},"geometry":{"type":"LineString","coordinates":[[-119.61595,39.64972],[-119.62818,39.61],[-119.64918,39.59301],[-119.6549,39.58357]]}},{"type":"Feature","properties":{"section_id":1114,"section_name":"Spanish Springs Valley","state":"NV","secondary_state":"","dip_deg":50.0,"dip_dir":"E","rake_deg":-90.0,"upper_depth_km":0.0,"lower_depth_km":15.0},"geometry":{"type":"LineString","coordinates":[[-119.73743,39.57108],[-119.74239,39.57419],[-119.7456,39.5853],[-119.73682,39.60104],[-119.7262,39.6224],[-119.73059,39.63443],[-119.73181,39.65543],[-119.73119,39.67091],[-119.71563,39.69724],[-119.70242,39.71169],[-119.69772,39.73122],[-119.6896,39.75125]]}},{"type":"Feature","properties":{"section_id":1115,"section_name":"Spruce Mountain Ridge","state":"NV","secondary_state":"","dip_deg":50.0,"dip_dir":"W","rake_deg":-90.0,"upper_depth_km":0.0,"lower_depth_km":15.0},"geometry":{"type":"LineString","coordinates":[[-114.83313,40.75734],[-114.83174,40.74321],[-114.83607,40.72863],[-114.82951,40.69962],[-114.83428,40.67346],[-114.83424,40.66216],[-114.84001,40.65981],[-114.85338,40.62375],[-114.86456,40.6147],[-114.86719,40.60915],[-114.86524,40.59907],[-114.8859,40.58176],[-114.90484,40.56397],[-114.90836,40.54982],[-114.91511,40.5441],[-114.91734,40.52103],[-114.92794,40.51553],[-114.94423,40.49367]]}},{"type":"Feature","properties":{"section_id":1116,"section_name":"The Lava Beds (east)","state":"NV","secondary_state":"","dip_deg":50.0,"dip_dir":"E","rake_deg":-90.0,"upper_depth_km":0.0,"lower_depth_km":15.0},"geometry":{"type":"LineString","coordinates":[[-118.95068,40.4338],[-118.95088,40.4462],[-118.96408,40.46805],[-118.97136,40.48195],[-118.97255,40.49492],[-118.96266,40.50909],[-118.95634,40.52276],[-118.95325,40.53273],[-118.95169,40.54074],[-118.92752,40.57085],[-118.92224,40.58426],[-118.92265,40.59051],[-118.90927,40.60474],[-118.90278,40.61911],[-118.88885,40.63228],[-118.8876,40.6375],[-118.87717,40.64737]]}},{"type":"Feature","properties":{"section_id":1117,"section_name":"Toiyabe Range","state":"NV","secondary_state":"","dip_deg":50.0,"dip_dir":"E","rake_deg":-90.0,"upper_depth_km":0.0,"lower_depth_km":15.0},"geometry":{"type":"LineString","coordinates":[[-117.30861,38.49949],[-117.29614,38.52156],[-117.25818,38.54177],[-117.24745,38.55603],[-117.23861,38.56282],[-117.22094,38.60655],[-117.2259,38.63911],[-117.22863,38.65334],[-117.21546,38.68751],[-117.21225,38.7145],[-117.19905,38.73732],[-117.2007,38.78449],[-117.20772,38.79669],[-117.21653,38.82947],[-117.21541,38.84633],[-117.23171,38.88391],[-117.25328,38.89501],[-117.2386,38.94607],[-117.23792,38.96726],[-117.22102,38.98559],[-117.22434,38.99975],[-117.21133,39.01191],[-117.22427,39.02946],[-117.2209,39.04017],[-117.17402,39.08844],[-117.16359,39.11727],[-117.1204,39.13683],[-117.11258,39.16491],[-117.1013,39.18043],[-117.09951,39.22095],[-117.07524,39.24302],[-117.03078,39.33532],[-117.03269,39.35267],[-116.98237,39.38127],[-116.93706,39.41599],[-116.9253,39.43689],[-116.88793,39.46088],[-116.87984,39.48612]]}},{"type":"Feature","properties":{"section_id":1118,"section_name":"Teels Marsh (unnamed)","state":"NV","secondary_state":"","dip_deg":90.0,"dip_dir":"Vertical","rake_deg":0.0,"upper_depth_km":0.0,"lower_depth_km":15.0},"geometry":{"type":"LineString","coordinates":[[-118.40592,38.17061],[-118.40096,38.18018],[-118.40436,38.19664],[-118.40101,38.20772],[-118.38501,38.22025],[-118.38674,38.24479],[-118.3837,38.24931]]}},{"type":"Feature","properties":{"section_id":1119,"section_name":"Warm Springs Valley","state":"NV","secondary_state":"CA","dip_deg":90.0,"dip_dir":"Vertical","rake_deg":180.0,"upper_depth_km":0.0,"lower_depth_km":15.0},"geometry":{"type":"LineString","coordinates":[[-120.29761,40.24628],[-120.21114,40.20377],[-120.16587,40.15636],[-120.03107,40.08308],[-119.93252,40.03958],[-119.92155,40.03493],[-119.89828,40.01822],[-119.85407,39.9963],[-119.75053,39.91085],[-119.75075,39.90619],[-119.69909,39.85849],[-119.645256,39.804892],[-119.59151,39.75127],[-119.56581,39.71558]]}},{"type":"Feature","properties":{"section_id":1120,"section_name":"Wassuk Range","state":"NV","secondary_state":"","dip_deg":50.0,"dip_dir":"E","rake_deg":-90.0,"upper_depth_km":0.0,"lower_depth_km":15.0},"geometry":{"type":"LineString","coordinates":[[-118.66751,38.14294],[-118.65509,38.16823],[-118.6455,38.18022],[-118.65942,38.21741],[-118.65071,38.22774],[-118.62915,38.23242],[-118.62618,38.24499],[-118.61199,38.26664],[-118.62133,38.30024],[-118.61298,38.32055],[-118.60705,38.32028],[-118.59833,38.34211],[-118.58662,38.35184],[-118.58692,38.37283],[-118.58252,38.37939],[-118.5862,38.39179],[-118.5967,38.40488],[-118.62717,38.42745],[-118.63993,38.443],[-118.66347,38.45243],[-118.66266,38.46869],[-118.67047,38.48055],[-118.66086,38.50004],[-118.67227,38.51568],[-118.67452,38.52655],[-118.69132,38.54056],[-118.70342,38.56658],[-118.7317,38.59598],[-118.74381,38.60713],[-118.77649,38.69131],[-118.76454,38.71044],[-118.7743,38.72509],[-118.77748,38.7374],[-118.77308,38.75024],[-118.75304,38.77477],[-118.78017,38.80945],[-118.77505,38.82481],[-118.78188,38.84529],[-118.79599,38.85823],[-118.80102,38.89911],[-118.82941,38.92552],[-118.83803,38.95005],[-118.8498,38.95975],[-118.86921,38.99982],[-118.88448,39.02003],[-118.93758,39.07314]]}},{"type":"Feature","properties":{"section_id":1122,"section_name":"Western Granite Range","state":"NV","secondary_state":"","dip_deg":50.0,"dip_dir":"W","rake_deg":-90.0,"upper_depth_km":0.0,"lower_depth_km":15.0},"geometry":{"type":"LineString","coordinates":[[-119.501,40.87618],[-119.50639,40.86611],[-119.50468,40.84294],[-119.48186,40.81203],[-119.47477,40.81284],[-119.46282,40.80188],[-119.45841,40.78751],[-119.46048,40.77664],[-119.43991,40.75588],[-119.43362,40.73971],[-119.41475,40.72875],[-119.3949,40.70917],[-119.38412,40.68949],[-119.38618,40.65985]]}},{"type":"Feature","properties":{"section_id":1123,"section_name":"Western Humboldt Range","state":"NV","secondary_state":"","dip_deg":50.0,"dip_dir":"W","rake_deg":-90.0,"upper_depth_km":0.0,"lower_depth_km":15.0},"geometry":{"type":"LineString","coordinates":[[-118.15184,40.65374],[-118.16325,40.63595],[-118.17789,40.632],[-118.1982,40.61727],[-118.21814,40.60963],[-118.23243,40.59211],[-118.2336,40.58394],[-118.24321,40.57711],[-118.25192,40.52338],[-118.2318,40.49113],[-118.2309,40.48314],[-118.24626,40.45556],[-118.24608,40.44307],[-118.25983,40.43067],[-118.25605,40.41082],[-118.2601,40.40758],[-118.24761,40.38458],[-118.25318,40.37192],[-118.2424,40.35054],[-118.25489,40.32763],[-118.27735,40.31927],[-118.28723,40.30481],[-118.35676,40.26779],[-118.35847,40.22728],[-118.37249,40.21452],[-118.37581,40.20392],[-118.39126,40.1908],[-118.36188,40.13349],[-118.38183,40.08857],[-118.42064,40.07231]]}},{"type":"Feature","properties":{"section_id":1125,"section_name":"Western Toiyabe Range","state":"NV","secondary_state":"","dip_deg":50.0,"dip_dir":"NW","rake_deg":-90.0,"upper_depth_km":0.0,"lower_depth_km":15.0},"geometry":{"type":"LineString","coordinates":[[-117.09708,39.6198],[-117.0845,39.60372],[-117.07911,39.58503],[-117.08432,39.57057],[-117.07902,39.55485],[-117.08046,39.49816],[-117.08423,39.48855],[-117.09384,39.4854],[-117.10022,39.47327],[-117.10076,39.44902],[-117.12107,39.41937],[-117.13535,39.38227],[-117.13319,39.37472],[-117.13804,39.36655],[-117.1632,39.34705],[-117.18198,39.31597],[-117.21683,39.28713],[-117.22357,39.25865],[-117.21926,39.22595],[-117.23543,39.20708],[-117.23408,39.20304],[-117.26382,39.19091],[-117.31045,39.12524],[-117.31764,39.10691],[-117.31287,39.09398],[-117.34396,39.01052],[-117.35564,38.99201],[-117.36489,38.94718],[-117.37558,38.92526],[-117.43578,38.90756]]}},{"type":"Feature","properties":{"section_id":1126,"section_name":"West Gate","state":"NV","secondary_state":"","dip_deg":50.0,"dip_dir":"W","rake_deg":-90.0,"upper_depth_km":0.0,"lower_depth_km":15.0},"geometry":{"type":"LineString","coordinates":[[-118.04251,39.46277],[-118.0422,39.44662],[-118.05597,39.42925],[-118.06783,39.3979],[-118.06398,39.36892],[-118.06648,39.3563],[-118.08391,39.33195],[-118.07577,39.31291],[-118.06729,39.30788],[-118.06411,39.29979],[-118.06369,39.28075],[-118.07099,39.2723],[-118.07526,39.25602]]}},{"type":"Feature","properties":{"section_id":1127,"section_name":"West Spring Mountains","state":"NV","secondary_state":"","dip_deg":50.0,"dip_dir":"SW","rake_deg":-90.0,"upper_depth_km":0.0,"lower_depth_km":15.0},"geometry":{"type":"LineString","coordinates":[[-116.03009,36.44905],[-115.99146,36.41437],[-115.97205,36.38895],[-115.96487,36.35777],[-115.92884,36.33963],[-115.931,36.31007],[-115.92435,36.29848],[-115.89308,36.28285],[-115.91554,36.25123],[-115.91294,36.24332],[-115.91932,36.22949],[-115.91788,36.21134],[-115.89038,36.13669],[-115.88805,36.11818],[-115.85921,36.0632],[-115.85993,36.03652]]}},{"type":"Feature","properties":{"section_id":1128,"section_name":"White River Valley","state":"NV","secondary_state":"","dip_deg":50.0,"dip_dir":"W","rake_deg":-90.0,"upper_depth_km":0.0,"lower_depth_km":15.0},"geometry":{"type":"LineString","coordinates":[[-114.96603,39.1602],[-114.97968,39.14771],[-114.96297,39.10216],[-114.95794,39.00011],[-114.94644,38.96264],[-114.95695,38.87137],[-114.95515,38.81989],[-114.97518,38.80534],[-114.98677,38.78306],[-115.00968,38.71298],[-115.02918,38.69484],[-115.03457,38.69672],[-115.04769,38.68693],[-115.05451,38.67813],[-115.05074,38.66735],[-115.05622,38.6607],[-115.03214,38.62863],[-115.00528,38.61614],[-115.00142,38.60832],[-115.00366,38.59449],[-114.99153,38.5855],[-114.98695,38.56116],[-114.9741,38.5396],[-114.97599,38.51319],[-114.98111,38.50456],[-114.97581,38.4883],[-114.98156,38.47402],[-114.98228,38.4547],[-115.00726,38.43089],[-115.00672,38.384],[-115.01453,38.35867],[-115.02082,38.34842],[-115.04283,38.33064],[-115.06089,38.30225]]}},{"type":"Feature","properties":{"section_id":1138,"section_name":"Agai Pah Hills","state":"NV","secondary_state":"","dip_deg":90.0,"dip_dir":"Vertical","rake_deg":180.0,"upper_depth_km":0.0,"lower_depth_km":15.0},"geometry":{"type":"LineString","coordinates":[[-118.63535,38.90327],[-118.61332,38.86157],[-118.59256,38.78968],[-118.58748,38.75253]]}},{"type":"Feature","properties":{"section_id":1139,"section_name":"Antelope Peak","state":"NV","secondary_state":"","dip_deg":50.0,"dip_dir":"E","rake_deg":-90.0,"upper_depth_km":0.0,"lower_depth_km":15.0},"geometry":{"type":"LineString","coordinates":[[-116.3423,39.07923],[-116.36534,39.16522],[-116.37022,39.20546],[-116.37291,39.24951],[-116.36806,39.31602],[-116.37611,39.36889],[-116.39572,39.39231],[-116.41791,39.43433]]}},{"type":"Feature","properties":{"section_id":1140,"section_name":"Antelope Range","state":"NV","secondary_state":"","dip_deg":50.0,"dip_dir":"W","rake_deg":-90.0,"upper_depth_km":0.0,"lower_depth_km":15.0},"geometry":{"type":"LineString","coordinates":[[-116.18319,39.50259],[-116.19838,39.47548],[-116.18351,39.43615],[-116.19978,39.41356],[-116.18682,39.39497],[-116.15872,39.38232],[-116.15953,39.37023],[-116.15443,39.35788],[-116.16255,39.34601],[-116.19716,39.32662],[-116.21035,39.32423],[-116.25155,39.29222],[-116.25097,39.27141],[-116.25939,39.25122],[-116.296766,39.178578],[-116.33406,39.10592],[-116.33314,39.08437]]}},{"type":"Feature","properties":{"section_id":1141,"section_name":"Arrow Canyon Range","state":"NV","secondary_state":"","dip_deg":50.0,"dip_dir":"W","rake_deg":-90.0,"upper_depth_km":0.0,"lower_depth_km":15.0},"geometry":{"type":"LineString","coordinates":[[-114.89523,36.79023],[-114.88963,36.74441],[-114.89513,36.71716],[-114.89185,36.7054],[-114.89958,36.68456],[-114.90634,36.67314],[-114.89587,36.64974],[-114.89667,36.63887],[-114.90894,36.61259],[-114.90938,36.56937]]}},{"type":"Feature","properties":{"section_id":1142,"section_name":"Belted Range","state":"NV","secondary_state":"","dip_deg":50.0,"dip_dir":"W","rake_deg":-90.0,"upper_depth_km":0.0,"lower_depth_km":15.0},"geometry":{"type":"LineString","coordinates":[[-116.1324,37.58668],[-116.14648,37.55097],[-116.14792,37.52385],[-116.14075,37.50845],[-116.14083,37.4617],[-116.16622,37.42604],[-116.16848,37.41281],[-116.1872,37.39717],[-116.19166,37.36777]]}},{"type":"Feature","properties":{"section_id":1143,"section_name":"Big Sand Springs Valley","state":"NV","secondary_state":"","dip_deg":50.0,"dip_dir":"NW","rake_deg":-90.0,"upper_depth_km":0.0,"lower_depth_km":15.0},"geometry":{"type":"LineString","coordinates":[[-115.86801,38.74539],[-115.90727,38.70338],[-115.92253,38.67964],[-115.92819,38.65828],[-115.93318,38.63127]]}},{"type":"Feature","properties":{"section_id":1144,"section_name":"Carson Lineament","state":"NV","secondary_state":"","dip_deg":90.0,"dip_dir":"Vertical","rake_deg":0.0,"upper_depth_km":0.0,"lower_depth_km":15.0},"geometry":{"type":"LineString","coordinates":[[-119.58817,39.25978],[-119.46123,39.33975],[-119.35952,39.37849],[-119.25973,39.41656],[-119.13711,39.46713],[-119.10373,39.4723]]}},{"type":"Feature","properties":{"section_id":1145,"section_name":"Big Sand Springs (center)","state":"NV","secondary_state":"","dip_deg":50.0,"dip_dir":"W","rake_deg":-90.0,"upper_depth_km":0.0,"lower_depth_km":15.0},"geometry":{"type":"LineString","coordinates":[[-116.00347,38.65621],[-116.00294,38.63418],[-116.01448,38.59325]]}},{"type":"Feature","properties":{"section_id":1146,"section_name":"Steptoe (center)","state":"NV","secondary_state":"","dip_deg":50.0,"dip_dir":"W","rake_deg":-90.0,"upper_depth_km":0.0,"lower_depth_km":15.0},"geometry":{"type":"LineString","coordinates":[[-114.78101,39.27608],[-114.77288,39.24449],[-114.77799,39.23007],[-114.77884,39.20472],[-114.78206,39.18426],[-114.76734,39.16358],[-114.75666,39.13408],[-114.75716,39.09206],[-114.77672,39.04983],[-114.78031,39.03599]]}},{"type":"Feature","properties":{"section_id":1147,"section_name":"Stone Cabin Valley (center)","state":"NV","secondary_state":"","dip_deg":50.0,"dip_dir":"E","rake_deg":-90.0,"upper_depth_km":0.0,"lower_depth_km":15.0},"geometry":{"type":"LineString","coordinates":[[-116.67368,38.09538],[-116.65735,38.11382],[-116.62832,38.16655],[-116.61774,38.19179],[-116.60302,38.24778],[-116.58063,38.27748],[-116.57536,38.31737],[-116.58238,38.33184],[-116.58261,38.35055],[-116.56944,38.39159]]}},{"type":"Feature","properties":{"section_id":1148,"section_name":"Cherry Creek","state":"NV","secondary_state":"","dip_deg":50.0,"dip_dir":"NW","rake_deg":-90.0,"upper_depth_km":0.0,"lower_depth_km":15.0},"geometry":{"type":"LineString","coordinates":[[-115.06868,39.88279],[-115.10326,39.84959],[-115.13276,39.82891],[-115.16122,39.8023],[-115.16164,39.79454],[-115.17871,39.78]]}},{"type":"Feature","properties":{"section_id":1149,"section_name":"Clayton Valley","state":"NV","secondary_state":"","dip_deg":50.0,"dip_dir":"NW","rake_deg":-90.0,"upper_depth_km":0.0,"lower_depth_km":15.0},"geometry":{"type":"LineString","coordinates":[[-117.528445,37.773522],[-117.552039,37.767202],[-117.55878,37.761725],[-117.550775,37.732654],[-117.557095,37.713694],[-117.55878,37.699791],[-117.605547,37.649232],[-117.610181,37.625217],[-117.640516,37.599516],[-117.672537,37.592354],[-117.678014,37.586877],[-117.678856,37.570024]]}},{"type":"Feature","properties":{"section_id":1150,"section_name":"Coal Mine Canyon","state":"NV","secondary_state":"","dip_deg":50.0,"dip_dir":"E","rake_deg":-90.0,"upper_depth_km":0.0,"lower_depth_km":15.0},"geometry":{"type":"LineString","coordinates":[[-115.70446,41.00046],[-115.68843,41.01546],[-115.67625,41.04851],[-115.65991,41.06235],[-115.65628,41.076],[-115.64415,41.08941]]}},{"type":"Feature","properties":{"section_id":1151,"section_name":"Contact (north)","state":"NV","secondary_state":"","dip_deg":50.0,"dip_dir":"W","rake_deg":-90.0,"upper_depth_km":0.0,"lower_depth_km":15.0},"geometry":{"type":"LineString","coordinates":[[-114.66607,41.84866],[-114.69279,41.82868],[-114.71683,41.76556]]}},{"type":"Feature","properties":{"section_id":1152,"section_name":"Contact (south)","state":"NV","secondary_state":"","dip_deg":50.0,"dip_dir":"W","rake_deg":-90.0,"upper_depth_km":0.0,"lower_depth_km":15.0},"geometry":{"type":"LineString","coordinates":[[-114.74696,41.74232],[-114.76385,41.71333],[-114.76486,41.70178],[-114.77681,41.68796],[-114.77619,41.66811],[-114.77165,41.65286]]}},{"type":"Feature","properties":{"section_id":1153,"section_name":"Desatoya Mountains (north)","state":"NV","secondary_state":"","dip_deg":50.0,"dip_dir":"SE","rake_deg":-90.0,"upper_depth_km":0.0,"lower_depth_km":15.0},"geometry":{"type":"LineString","coordinates":[[-117.59399,39.44461],[-117.58784,39.46188],[-117.57663,39.47384],[-117.56537,39.49606],[-117.55318,39.50709],[-117.53836,39.5477]]}},{"type":"Feature","properties":{"section_id":1154,"section_name":"Double Spring Flat","state":"NV","secondary_state":"","dip_deg":50.0,"dip_dir":"SW","rake_deg":-90.0,"upper_depth_km":0.0,"lower_depth_km":15.0},"geometry":{"type":"LineString","coordinates":[[-119.62402,38.84201],[-119.61849,38.82968],[-119.6006,38.80877],[-119.59905,38.79708],[-119.58569,38.77275],[-119.57895,38.76531]]}},{"type":"Feature","properties":{"section_id":1155,"section_name":"Dry Hills","state":"NV","secondary_state":"","dip_deg":50.0,"dip_dir":"NW","rake_deg":-90.0,"upper_depth_km":0.0,"lower_depth_km":15.0},"geometry":{"type":"LineString","coordinates":[[-116.35218,40.54649],[-116.3844,40.52281],[-116.41144,40.49393],[-116.43502,40.47654],[-116.46727,40.46175],[-116.47916,40.45067],[-116.48923,40.43378],[-116.51938,40.40022]]}},{"type":"Feature","properties":{"section_id":1156,"section_name":"Steptoe Valley (east)","state":"NV","secondary_state":"","dip_deg":50.0,"dip_dir":"W","rake_deg":-90.0,"upper_depth_km":0.0,"lower_depth_km":15.0},"geometry":{"type":"LineString","coordinates":[[-114.72769,39.07998],[-114.72318,39.04876],[-114.73735,39.02492],[-114.73882,38.98799],[-114.75783,38.96351],[-114.77392,38.94501],[-114.77822,38.913]]}},{"type":"Feature","properties":{"section_id":1157,"section_name":"Stone Cabin Valley (east)","state":"NV","secondary_state":"","dip_deg":50.0,"dip_dir":"NW","rake_deg":-90.0,"upper_depth_km":0.0,"lower_depth_km":15.0},"geometry":{"type":"LineString","coordinates":[[-116.427957,38.153974],[-116.441439,38.132486],[-116.523175,38.07308],[-116.539607,38.043588],[-116.585952,38.027999],[-116.640724,37.984182]]}},{"type":"Feature","properties":{"section_id":1158,"section_name":"Eastern Carson Sink","state":"NV","secondary_state":"","dip_deg":50.0,"dip_dir":"W","rake_deg":-90.0,"upper_depth_km":0.0,"lower_depth_km":15.0},"geometry":{"type":"LineString","coordinates":[[-118.22411,39.87286],[-118.21473,39.83894],[-118.23011,39.8097],[-118.24469,39.78861],[-118.26027,39.74901],[-118.29397,39.69871],[-118.32824,39.61387],[-118.34661,39.59296]]}},{"type":"Feature","properties":{"section_id":1159,"section_name":"Eastern Columbus Salt Marsh","state":"NV","secondary_state":"","dip_deg":50.0,"dip_dir":"W","rake_deg":-90.0,"upper_depth_km":0.0,"lower_depth_km":15.0},"geometry":{"type":"LineString","coordinates":[[-117.89454,38.13167],[-117.8947,38.09927],[-117.88371,38.05874],[-117.87777,38.05257],[-117.8786,38.04468],[-117.88366,38.03214]]}},{"type":"Feature","properties":{"section_id":1160,"section_name":"Eastern Dixie Valley (north)","state":"NV","secondary_state":"","dip_deg":50.0,"dip_dir":"NW","rake_deg":-90.0,"upper_depth_km":0.0,"lower_depth_km":15.0},"geometry":{"type":"LineString","coordinates":[[-117.68625,39.98096],[-117.74151,39.88678]]}},{"type":"Feature","properties":{"section_id":1161,"section_name":"Eastern Dixie Valley (south)","state":"NV","secondary_state":"","dip_deg":50.0,"dip_dir":"NW","rake_deg":-90.0,"upper_depth_km":0.0,"lower_depth_km":15.0},"geometry":{"type":"LineString","coordinates":[[-117.79893,39.81034],[-117.79558,39.78678],[-117.80622,39.77664],[-117.80785,39.76271],[-117.81646,39.7321],[-117.86014,39.7086]]}},{"type":"Feature","properties":{"section_id":1162,"section_name":"Eastern Humboldt Range","state":"NV","secondary_state":"","dip_deg":50.0,"dip_dir":"E","rake_deg":-90.0,"upper_depth_km":0.0,"lower_depth_km":15.0},"geometry":{"type":"LineString","coordinates":[[-118.10835,40.4158],[-118.11846,40.5112],[-118.11275,40.5778],[-118.08279,40.63512],[-118.07079,40.64352]]}},{"type":"Feature","properties":{"section_id":1163,"section_name":"Eastern Jackson Mountains","state":"NV","secondary_state":"","dip_deg":50.0,"dip_dir":"E","rake_deg":-90.0,"upper_depth_km":0.0,"lower_depth_km":15.0},"geometry":{"type":"LineString","coordinates":[[-118.38696,41.24135],[-118.37467,41.24933],[-118.3593,41.26314],[-118.33333,41.31388],[-118.33101,41.31968],[-118.33072,41.33772],[-118.33726,41.37749],[-118.35333,41.39614]]}},{"type":"Feature","properties":{"section_id":1164,"section_name":"Eastern Little Smoky Valley","state":"NV","secondary_state":"","dip_deg":50.0,"dip_dir":"W","rake_deg":-90.0,"upper_depth_km":0.0,"lower_depth_km":15.0},"geometry":{"type":"LineString","coordinates":[[-115.83269,39.31263],[-115.8362,39.29239],[-115.85021,39.27107],[-115.8543,39.23972],[-115.86939,39.17536],[-115.8781,39.16739],[-115.90346,39.16094],[-115.91415,39.14366],[-115.91376,39.13048],[-115.92833,39.11983],[-115.94672,39.11933],[-115.96102,39.11548],[-115.99413,39.07977]]}},{"type":"Feature","properties":{"section_id":1165,"section_name":"Eastern Monitor Range (south)","state":"NV","secondary_state":"","dip_deg":50.0,"dip_dir":"E","rake_deg":-90.0,"upper_depth_km":0.0,"lower_depth_km":15.0},"geometry":{"type":"LineString","coordinates":[[-116.70944,38.14443],[-116.70241,38.17406],[-116.69551,38.19768],[-116.68206,38.23609],[-116.6798,38.27365],[-116.66922,38.30053],[-116.67012,38.33905],[-116.67789,38.39715],[-116.68188,38.44166],[-116.64518,38.49349],[-116.64285,38.51852],[-116.64893,38.52623],[-116.64721,38.57473],[-116.61888,38.5974]]}},{"type":"Feature","properties":{"section_id":1166,"section_name":"Eastern Reveille Range","state":"NV","secondary_state":"","dip_deg":50.0,"dip_dir":"E","rake_deg":-90.0,"upper_depth_km":0.0,"lower_depth_km":15.0},"geometry":{"type":"LineString","coordinates":[[-116.11996,37.81007],[-116.09644,37.85009],[-116.09127,37.87336],[-116.08047,37.88639],[-116.07414,37.91131],[-116.07573,37.93522],[-116.0982,37.96888],[-116.0935,37.98562],[-116.09411,37.99983],[-116.08335,38.02142],[-116.09021,38.06093],[-116.10042,38.0702]]}},{"type":"Feature","properties":{"section_id":1167,"section_name":"Eastgate","state":"NV","secondary_state":"","dip_deg":50.0,"dip_dir":"W","rake_deg":-90.0,"upper_depth_km":0.0,"lower_depth_km":15.0},"geometry":{"type":"LineString","coordinates":[[-117.87804,39.38886],[-117.8679,39.37745],[-117.86323,39.36208],[-117.85494,39.35561],[-117.8522,39.34947],[-117.85611,39.33525],[-117.87206,39.31719],[-117.87906,39.30762],[-117.88355,39.29626],[-117.89285,39.28697],[-117.88788,39.2684],[-117.89302,39.25257],[-117.90003,39.24839],[-117.91465,39.24999],[-117.92165,39.24408],[-117.93055,39.22974]]}},{"type":"Feature","properties":{"section_id":1168,"section_name":"Echo Canyon","state":"NV","secondary_state":"","dip_deg":50.0,"dip_dir":"E","rake_deg":-90.0,"upper_depth_km":0.0,"lower_depth_km":15.0},"geometry":{"type":"LineString","coordinates":[[-115.82171,38.55614],[-115.82593,38.56753],[-115.81836,38.5899],[-115.81759,38.63001]]}},{"type":"Feature","properties":{"section_id":1169,"section_name":"Fish Creek Range","state":"NV","secondary_state":"","dip_deg":50.0,"dip_dir":"SE","rake_deg":-90.0,"upper_depth_km":0.0,"lower_depth_km":15.0},"geometry":{"type":"LineString","coordinates":[[-116.08086,39.20404],[-116.06404,39.27141],[-116.05249,39.28539],[-116.05257,39.31325],[-116.05073,39.32616],[-116.05249,39.35206],[-116.04082,39.36525]]}},{"type":"Feature","properties":{"section_id":1170,"section_name":"Fish Lake Valley","state":"NV","secondary_state":"CA","dip_deg":90.0,"dip_dir":"Vertical","rake_deg":180.0,"upper_depth_km":0.0,"lower_depth_km":15.0},"geometry":{"type":"LineString","coordinates":[[-118.097665,37.669214],[-118.12603,37.70665],[-118.16023,37.731],[-118.17118,37.76729],[-118.20338,37.80543],[-118.20578,37.82748]]}},{"type":"Feature","properties":{"section_id":1171,"section_name":"Gabbs Valley","state":"NV","secondary_state":"","dip_deg":50.0,"dip_dir":"W","rake_deg":-90.0,"upper_depth_km":0.0,"lower_depth_km":15.0},"geometry":{"type":"LineString","coordinates":[[-118.00511,38.83152],[-118.0196,38.82278],[-118.02848,38.80067],[-118.02861,38.77051]]}},{"type":"Feature","properties":{"section_id":1172,"section_name":"Genoa (north)","state":"NV","secondary_state":"","dip_deg":50.0,"dip_dir":"E","rake_deg":-90.0,"upper_depth_km":0.0,"lower_depth_km":13.0},"geometry":{"type":"LineString","coordinates":[[-119.847812,38.894812],[-119.842862,38.913508],[-119.850814,38.929045],[-119.845706,38.942158],[-119.840018,38.954798],[-119.842915,38.972177],[-119.834699,38.979603],[-119.839281,38.991611],[-119.848866,38.998036],[-119.848708,39.006726],[-119.843599,39.026686],[-119.831223,39.043538],[-119.844337,39.061023],[-119.846022,39.084617],[-119.855028,39.096993],[-119.856818,39.112372]]}},{"type":"Feature","properties":{"section_id":1173,"section_name":"Gold King","state":"NV","secondary_state":"","dip_deg":50.0,"dip_dir":"NW","rake_deg":-90.0,"upper_depth_km":0.0,"lower_depth_km":15.0},"geometry":{"type":"LineString","coordinates":[[-118.08097,39.48316],[-118.08101,39.47121],[-118.08977,39.45947],[-118.09124,39.44876],[-118.09928,39.43906],[-118.10308,39.43176],[-118.10527,39.40815]]}},{"type":"Feature","properties":{"section_id":1174,"section_name":"Gumdrop Hills","state":"NV","secondary_state":"","dip_deg":90.0,"dip_dir":"Vertical","rake_deg":180.0,"upper_depth_km":0.0,"lower_depth_km":15.0},"geometry":{"type":"LineString","coordinates":[[-118.59563,38.92411],[-118.57864,38.91341],[-118.54756,38.88156],[-118.52024,38.86835],[-118.46204,38.8194],[-118.41638,38.78437],[-118.34259,38.70139],[-118.31387,38.678],[-118.28861,38.65276],[-118.28267,38.63843],[-118.24774,38.60647],[-118.20765,38.5713]]}},{"type":"Feature","properties":{"section_id":1175,"section_name":"Hickison Summit","state":"NV","secondary_state":"","dip_deg":50.0,"dip_dir":"E","rake_deg":-90.0,"upper_depth_km":0.0,"lower_depth_km":15.0},"geometry":{"type":"LineString","coordinates":[[-116.70531,39.32384],[-116.71142,39.35088],[-116.71743,39.39154],[-116.71131,39.44296],[-116.71854,39.4772],[-116.72429,39.51269],[-116.71428,39.53249],[-116.6603,39.55653],[-116.65737,39.56803],[-116.6417,39.58799]]}},{"type":"Feature","properties":{"section_id":1177,"section_name":"Hot Springs Mountains","state":"NV","secondary_state":"","dip_deg":50.0,"dip_dir":"SE","rake_deg":-90.0,"upper_depth_km":0.0,"lower_depth_km":15.0},"geometry":{"type":"LineString","coordinates":[[-119.09365,39.54591],[-119.04752,39.59493],[-119.03194,39.62995],[-119.01799,39.65278],[-119.00761,39.68026],[-118.99512,39.70415]]}},{"type":"Feature","properties":{"section_id":1178,"section_name":"Huntoon Valley (south)","state":"NV","secondary_state":"","dip_deg":90.0,"dip_dir":"Vertical","rake_deg":0.0,"upper_depth_km":0.0,"lower_depth_km":15.0},"geometry":{"type":"LineString","coordinates":[[-118.63144,38.0622],[-118.60344,38.10473],[-118.58329,38.1202]]}},{"type":"Feature","properties":{"section_id":1180,"section_name":"Iron Mountain","state":"NV","secondary_state":"","dip_deg":50.0,"dip_dir":"W","rake_deg":-90.0,"upper_depth_km":0.0,"lower_depth_km":15.0},"geometry":{"type":"LineString","coordinates":[[-117.41276,39.49861],[-117.41347,39.48944],[-117.42355,39.4627],[-117.41274,39.44787],[-117.41868,39.41699],[-117.41424,39.40585],[-117.42319,39.39218],[-117.4156,39.34639],[-117.41392,39.31686]]}},{"type":"Feature","properties":{"section_id":1182,"section_name":"Louderback Mountains","state":"NV","secondary_state":"","dip_deg":70.0,"dip_dir":"W","rake_deg":-170.0,"upper_depth_km":0.0,"lower_depth_km":15.0},"geometry":{"type":"LineString","coordinates":[[-118.14206,39.46426],[-118.1441,39.45259],[-118.1394,39.4338],[-118.13249,39.41618],[-118.11895,39.40473],[-118.11784,39.39151],[-118.10572,39.36619],[-118.09932,39.35813],[-118.10057,39.34425]]}},{"type":"Feature","properties":{"section_id":1183,"section_name":"Maverick Springs Range (north)","state":"NV","secondary_state":"","dip_deg":50.0,"dip_dir":"W","rake_deg":-90.0,"upper_depth_km":0.0,"lower_depth_km":15.0},"geometry":{"type":"LineString","coordinates":[[-115.31943,40.29277],[-115.34004,40.27769],[-115.35611,40.23125],[-115.36324,40.20346],[-115.38814,40.1747],[-115.39261,40.15626],[-115.38219,40.14892],[-115.37472,40.12964],[-115.37793,40.10351],[-115.37896,40.08247]]}},{"type":"Feature","properties":{"section_id":1184,"section_name":"Maverick Springs Range (south)","state":"NV","secondary_state":"","dip_deg":50.0,"dip_dir":"NW","rake_deg":-90.0,"upper_depth_km":0.0,"lower_depth_km":15.0},"geometry":{"type":"LineString","coordinates":[[-115.29827,40.11033],[-115.34881,40.08363],[-115.37362,40.04111],[-115.39176,40.03146],[-115.41804,39.99986],[-115.41751,39.98347],[-115.42354,39.97237],[-115.44797,39.96363]]}},{"type":"Feature","properties":{"section_id":1185,"section_name":"McAfee Canyon","state":"NV","secondary_state":"","dip_deg":50.0,"dip_dir":"W","rake_deg":-90.0,"upper_depth_km":0.0,"lower_depth_km":15.0},"geometry":{"type":"LineString","coordinates":[[-117.96551,37.70164],[-117.96754,37.68562],[-117.96909,37.65251],[-117.9533,37.63145],[-117.95089,37.60749]]}},{"type":"Feature","properties":{"section_id":1186,"section_name":"Mexican Butte","state":"NV","secondary_state":"","dip_deg":50.0,"dip_dir":"W","rake_deg":-90.0,"upper_depth_km":0.0,"lower_depth_km":15.0},"geometry":{"type":"LineString","coordinates":[[-116.9447,38.46859],[-116.93701,38.44712],[-116.9212,38.43517],[-116.92825,38.39475],[-116.94888,38.37442],[-116.93957,38.32627],[-116.95458,38.30866],[-116.95204,38.29047],[-116.95872,38.27569]]}},{"type":"Feature","properties":{"section_id":1187,"section_name":"Midway Hills","state":"NV","secondary_state":"","dip_deg":50.0,"dip_dir":"E","rake_deg":-90.0,"upper_depth_km":0.0,"lower_depth_km":15.0},"geometry":{"type":"LineString","coordinates":[[-117.15556,38.17009],[-117.15407,38.20867],[-117.16369,38.23555],[-117.15574,38.25714],[-117.15718,38.29907],[-117.15104,38.32423],[-117.14522,38.33693]]}},{"type":"Feature","properties":{"section_id":1188,"section_name":"Mount Callaghan","state":"NV","secondary_state":"","dip_deg":50.0,"dip_dir":"SE","rake_deg":-90.0,"upper_depth_km":0.0,"lower_depth_km":15.0},"geometry":{"type":"LineString","coordinates":[[-116.93446,39.59069],[-116.90541,39.64199],[-116.90257,39.65728],[-116.87648,39.70033]]}},{"type":"Feature","properties":{"section_id":1189,"section_name":"Murphy Meadows","state":"NV","secondary_state":"","dip_deg":50.0,"dip_dir":"NW","rake_deg":-90.0,"upper_depth_km":0.0,"lower_depth_km":15.0},"geometry":{"type":"LineString","coordinates":[[-115.17356,38.20696],[-115.18997,38.19269],[-115.22756,38.17192],[-115.24553,38.16188]]}},{"type":"Feature","properties":{"section_id":1190,"section_name":"Newark Valley","state":"NV","secondary_state":"","dip_deg":50.0,"dip_dir":"NW","rake_deg":-90.0,"upper_depth_km":0.0,"lower_depth_km":15.0},"geometry":{"type":"LineString","coordinates":[[-115.5609,39.54656],[-115.56635,39.49995],[-115.5884,39.4653],[-115.61752,39.40006],[-115.63426,39.36946]]}},{"type":"Feature","properties":{"section_id":1191,"section_name":"Big Sand Springs (north)","state":"NV","secondary_state":"","dip_deg":50.0,"dip_dir":"E","rake_deg":-90.0,"upper_depth_km":0.0,"lower_depth_km":15.0},"geometry":{"type":"LineString","coordinates":[[-115.97471,38.85154],[-115.9581,38.89285],[-115.96178,38.91519]]}},{"type":"Feature","properties":{"section_id":1193,"section_name":"Northern Monitor Valley","state":"NV","secondary_state":"","dip_deg":50.0,"dip_dir":"NW","rake_deg":-90.0,"upper_depth_km":0.0,"lower_depth_km":15.0},"geometry":{"type":"LineString","coordinates":[[-116.56897,39.26616],[-116.5834,39.25034],[-116.5926,39.23478],[-116.61102,39.21438],[-116.63059,39.18376],[-116.67653,39.08528]]}},{"type":"Feature","properties":{"section_id":1194,"section_name":"Northern Snake Mountains","state":"NV","secondary_state":"","dip_deg":50.0,"dip_dir":"W","rake_deg":-90.0,"upper_depth_km":0.0,"lower_depth_km":15.0},"geometry":{"type":"LineString","coordinates":[[-115.01702,41.29901],[-114.9945,41.27961],[-114.96973,41.25548],[-114.98297,41.24459],[-114.97763,41.22127],[-114.99777,41.13723]]}},{"type":"Feature","properties":{"section_id":1195,"section_name":"Olinghouse","state":"NV","secondary_state":"","dip_deg":90.0,"dip_dir":"Vertical","rake_deg":0.0,"upper_depth_km":0.0,"lower_depth_km":15.0},"geometry":{"type":"LineString","coordinates":[[-119.55932,39.56495],[-119.54872,39.56965],[-119.51392,39.58237],[-119.48328,39.59304],[-119.46659,39.60133],[-119.43492,39.61231],[-119.40937,39.63067],[-119.39977,39.64093],[-119.36182,39.68389],[-119.35525,39.69248],[-119.34491,39.72585]]}},{"type":"Feature","properties":{"section_id":1196,"section_name":"Oneil Basin (east)","state":"NV","secondary_state":"","dip_deg":50.0,"dip_dir":"E","rake_deg":-90.0,"upper_depth_km":0.0,"lower_depth_km":15.0},"geometry":{"type":"LineString","coordinates":[[-115.12419,41.77861],[-115.10897,41.8016],[-115.10282,41.82169],[-115.08914,41.8388],[-115.0911,41.86429],[-115.06873,41.88177],[-115.05279,41.89607],[-115.0287,41.92967],[-115.03302,41.95084],[-115.01422,41.99186]]}},{"type":"Feature","properties":{"section_id":1197,"section_name":"Oneil Basin (west)","state":"NV","secondary_state":"","dip_deg":50.0,"dip_dir":"E","rake_deg":-90.0,"upper_depth_km":0.0,"lower_depth_km":15.0},"geometry":{"type":"LineString","coordinates":[[-115.26323,41.70484],[-115.25241,41.72093],[-115.23657,41.72352],[-115.2092,41.75567],[-115.17476,41.79001],[-115.16394,41.80772],[-115.16601,41.82636],[-115.16388,41.84268]]}},{"type":"Feature","properties":{"section_id":1198,"section_name":"Pahrump","state":"NV","secondary_state":"CA","dip_deg":90.0,"dip_dir":"Vertical","rake_deg":180.0,"upper_depth_km":0.0,"lower_depth_km":15.0},"geometry":{"type":"LineString","coordinates":[[-116.12027,36.17595],[-116.07121,36.13868],[-116.03259,36.10631],[-116.01165,36.09165]]}},{"type":"Feature","properties":{"section_id":1199,"section_name":"Palisade Mesa","state":"NV","secondary_state":"","dip_deg":50.0,"dip_dir":"W","rake_deg":-90.0,"upper_depth_km":0.0,"lower_depth_km":15.0},"geometry":{"type":"LineString","coordinates":[[-116.14794,38.33733],[-116.13135,38.3185],[-116.14701,38.27681],[-116.15582,38.26081],[-116.15034,38.23645],[-116.13593,38.22149],[-116.11594,38.19245]]}},{"type":"Feature","properties":{"section_id":1200,"section_name":"Park Range","state":"NV","secondary_state":"","dip_deg":50.0,"dip_dir":"E","rake_deg":-90.0,"upper_depth_km":0.0,"lower_depth_km":15.0},"geometry":{"type":"LineString","coordinates":[[-116.15356,39.17928],[-116.15477,39.14971],[-116.14639,39.13015],[-116.15252,39.10771],[-116.15807,39.05935],[-116.1408,38.99377]]}},{"type":"Feature","properties":{"section_id":1201,"section_name":"Peko Peak","state":"NV","secondary_state":"","dip_deg":50.0,"dip_dir":"W","rake_deg":-90.0,"upper_depth_km":0.0,"lower_depth_km":15.0},"geometry":{"type":"LineString","coordinates":[[-115.48681,41.12235],[-115.50009,41.09831],[-115.50428,41.08955],[-115.50745,41.0769],[-115.51333,41.06866],[-115.51506,41.06081],[-115.51401,41.04644],[-115.51398,41.0348]]}},{"type":"Feature","properties":{"section_id":1204,"section_name":"Pilot Creek Valley","state":"NV","secondary_state":"","dip_deg":50.0,"dip_dir":"E","rake_deg":-90.0,"upper_depth_km":0.0,"lower_depth_km":15.0},"geometry":{"type":"LineString","coordinates":[[-114.23124,40.78874],[-114.23746,40.79699],[-114.24723,40.81347],[-114.25139,40.82829],[-114.25665,40.84197],[-114.25793,40.85573]]}},{"type":"Feature","properties":{"section_id":1205,"section_name":"Pilot Range","state":"NV","secondary_state":"","dip_deg":50.0,"dip_dir":"W","rake_deg":-90.0,"upper_depth_km":0.0,"lower_depth_km":15.0},"geometry":{"type":"LineString","coordinates":[[-114.11442,41.02157],[-114.12454,40.99386],[-114.12072,40.96736],[-114.09789,40.93103]]}},{"type":"Feature","properties":{"section_id":1206,"section_name":"Pleasant Valley (China Mountain)","state":"NV","secondary_state":"","dip_deg":50.0,"dip_dir":"W","rake_deg":-90.0,"upper_depth_km":0.0,"lower_depth_km":15.0},"geometry":{"type":"LineString","coordinates":[[-117.45318,40.61986],[-117.4789,40.59254],[-117.48773,40.57421],[-117.48273,40.55654],[-117.47883,40.53492]]}},{"type":"Feature","properties":{"section_id":1207,"section_name":"Pleasant Valley (Pearce)","state":"NV","secondary_state":"","dip_deg":50.0,"dip_dir":"W","rake_deg":-90.0,"upper_depth_km":0.0,"lower_depth_km":15.0},"geometry":{"type":"LineString","coordinates":[[-117.5472,40.44076],[-117.57777,40.41987],[-117.58414,40.37932],[-117.59907,40.3673],[-117.60742,40.33776],[-117.63152,40.30565],[-117.64532,40.20839],[-117.68125,40.18207]]}},{"type":"Feature","properties":{"section_id":1208,"section_name":"Pleasant Valley (Sou Hills)","state":"NV","secondary_state":"","dip_deg":50.0,"dip_dir":"W","rake_deg":-90.0,"upper_depth_km":0.0,"lower_depth_km":15.0},"geometry":{"type":"LineString","coordinates":[[-117.67739,40.27732],[-117.69992,40.22145],[-117.74241,40.13782],[-117.79324,40.09624]]}},{"type":"Feature","properties":{"section_id":1209,"section_name":"Pleasant Valley (Tobin)","state":"NV","secondary_state":"","dip_deg":50.0,"dip_dir":"W","rake_deg":-90.0,"upper_depth_km":0.0,"lower_depth_km":15.0},"geometry":{"type":"LineString","coordinates":[[-117.5908,40.55086],[-117.56086,40.52968],[-117.53585,40.4926],[-117.51692,40.45213],[-117.53337,40.40392]]}},{"type":"Feature","properties":{"section_id":1210,"section_name":"Preston","state":"NV","secondary_state":"","dip_deg":50.0,"dip_dir":"E","rake_deg":-90.0,"upper_depth_km":0.0,"lower_depth_km":15.0},"geometry":{"type":"LineString","coordinates":[[-115.11259,38.83987],[-115.1053,38.86112],[-115.09828,38.88067],[-115.07539,38.95118],[-115.06223,38.96783],[-115.04026,38.97933]]}},{"type":"Feature","properties":{"section_id":1211,"section_name":"Ravenswood","state":"NV","secondary_state":"","dip_deg":50.0,"dip_dir":"SE","rake_deg":-90.0,"upper_depth_km":0.0,"lower_depth_km":15.0},"geometry":{"type":"LineString","coordinates":[[-117.25444,39.57553],[-117.24736,39.58862],[-117.23959,39.6317],[-117.24413,39.65844],[-117.22515,39.69985],[-117.22399,39.71372],[-117.21172,39.74954],[-117.19947,39.77407],[-117.17141,39.79289],[-117.16334,39.79588],[-117.14048,39.82085],[-117.13832,39.85209],[-117.13229,39.8759],[-117.11276,39.89218]]}},{"type":"Feature","properties":{"section_id":1212,"section_name":"Red Buttes","state":"NV","secondary_state":"","dip_deg":50.0,"dip_dir":"W","rake_deg":-90.0,"upper_depth_km":0.0,"lower_depth_km":15.0},"geometry":{"type":"LineString","coordinates":[[-117.26235,39.93696],[-117.28563,39.91295],[-117.32624,39.86814],[-117.37289,39.82272]]}},{"type":"Feature","properties":{"section_id":1213,"section_name":"Ruby Mountains (center)","state":"NV","secondary_state":"","dip_deg":50.0,"dip_dir":"NW","rake_deg":-90.0,"upper_depth_km":0.0,"lower_depth_km":15.0},"geometry":{"type":"LineString","coordinates":[[-115.23447,40.94478],[-115.24365,40.89123],[-115.26572,40.86545],[-115.2862,40.84777],[-115.29551,40.82373],[-115.31575,40.79801],[-115.36097,40.784],[-115.3781,40.76759],[-115.42119,40.75351],[-115.46722,40.73433]]}},{"type":"Feature","properties":{"section_id":1214,"section_name":"Rock Valley","state":"NV","secondary_state":"","dip_deg":90.0,"dip_dir":"Vertical","rake_deg":0.0,"upper_depth_km":0.0,"lower_depth_km":15.0},"geometry":{"type":"LineString","coordinates":[[-115.90358,36.78854],[-115.97962,36.75312],[-116.06881,36.74578],[-116.16243,36.72406],[-116.22653,36.70214],[-116.27492,36.65025],[-116.29928,36.61282],[-116.40395,36.54143],[-116.49591,36.50011]]}},{"type":"Feature","properties":{"section_id":1215,"section_name":"Sagouse","state":"NV","secondary_state":"","dip_deg":90.0,"dip_dir":"Vertical","rake_deg":180.0,"upper_depth_km":0.0,"lower_depth_km":15.0},"geometry":{"type":"LineString","coordinates":[[-118.77554,39.60063],[-118.74762,39.57934],[-118.73708,39.54802],[-118.71519,39.53793],[-118.68511,39.50586]]}},{"type":"Feature","properties":{"section_id":1219,"section_name":"Sheep Range","state":"NV","secondary_state":"","dip_deg":50.0,"dip_dir":"E","rake_deg":-90.0,"upper_depth_km":0.0,"lower_depth_km":15.0},"geometry":{"type":"LineString","coordinates":[[-115.07028,36.8638],[-115.05947,36.9661],[-115.06256,37.0211],[-115.08502,37.07108],[-115.08942,37.09031],[-115.08197,37.1074]]}},{"type":"Feature","properties":{"section_id":1220,"section_name":"Sheep Range - East Desert Range","state":"NV","secondary_state":"","dip_deg":50.0,"dip_dir":"W","rake_deg":-90.0,"upper_depth_km":0.0,"lower_depth_km":15.0},"geometry":{"type":"LineString","coordinates":[[-115.28444,36.62825],[-115.31547,36.57644],[-115.32019,36.54401],[-115.31435,36.50921],[-115.31327,36.48945],[-115.29837,36.4718],[-115.27588,36.44468]]}},{"type":"Feature","properties":{"section_id":1221,"section_name":"Silver King Pass","state":"NV","secondary_state":"","dip_deg":50.0,"dip_dir":"W","rake_deg":-90.0,"upper_depth_km":0.0,"lower_depth_km":15.0},"geometry":{"type":"LineString","coordinates":[[-114.88827,38.26086],[-114.89303,38.25046],[-114.89317,38.23977],[-114.89283,38.22656],[-114.90419,38.21346],[-114.91139,38.20327],[-114.91048,38.18871],[-114.9035,38.17715]]}},{"type":"Feature","properties":{"section_id":1222,"section_name":"Six-mile Flat","state":"NV","secondary_state":"","dip_deg":50.0,"dip_dir":"SE","rake_deg":-90.0,"upper_depth_km":0.0,"lower_depth_km":15.0},"geometry":{"type":"LineString","coordinates":[[-115.14898,37.62228],[-115.10828,37.63752],[-115.06349,37.66019],[-115.02621,37.68597],[-115.00838,37.69496],[-114.99037,37.71858]]}},{"type":"Feature","properties":{"section_id":1223,"section_name":"Smith Valley (south)","state":"NV","secondary_state":"CA","dip_deg":50.0,"dip_dir":"E","rake_deg":-90.0,"upper_depth_km":0.0,"lower_depth_km":15.0},"geometry":{"type":"LineString","coordinates":[[-119.22994,38.40093],[-119.24233,38.43526],[-119.23694,38.47275],[-119.26192,38.50048],[-119.27232,38.55658],[-119.26019,38.56172],[-119.25067,38.57382],[-119.26278,38.63148],[-119.29134,38.65014],[-119.29414,38.69516]]}},{"type":"Feature","properties":{"section_id":1224,"section_name":"Snake Valley (south)","state":"UT","secondary_state":"NV","dip_deg":50.0,"dip_dir":"E","rake_deg":-90.0,"upper_depth_km":0.0,"lower_depth_km":15.0},"geometry":{"type":"LineString","coordinates":[[-114.06381,39.08689],[-114.03456,39.18197],[-114.00534,39.21885],[-113.98928,39.24917],[-113.99753,39.2856],[-114.00785,39.29931],[-114.00759,39.31701],[-113.99626,39.33003],[-114.00454,39.348]]}},{"type":"Feature","properties":{"section_id":1225,"section_name":"Southeast Fish Creek Mountains","state":"NV","secondary_state":"","dip_deg":50.0,"dip_dir":"SE","rake_deg":-90.0,"upper_depth_km":0.0,"lower_depth_km":15.0},"geometry":{"type":"LineString","coordinates":[[-117.39219,40.03004],[-117.33674,40.07261],[-117.30498,40.08608]]}},{"type":"Feature","properties":{"section_id":1226,"section_name":"Sheep Creek Range (southeast)","state":"NV","secondary_state":"","dip_deg":50.0,"dip_dir":"S","rake_deg":-90.0,"upper_depth_km":0.0,"lower_depth_km":15.0},"geometry":{"type":"LineString","coordinates":[[-116.77949,40.70036],[-116.76783,40.69854],[-116.75082,40.7007],[-116.74195,40.70655],[-116.74315,40.71507],[-116.73128,40.72832],[-116.69511,40.73986],[-116.67642,40.75632],[-116.65859,40.76769],[-116.62403,40.80488],[-116.58909,40.82068],[-116.56959,40.83545],[-116.54005,40.86709],[-116.52737,40.8827],[-116.51527,40.89524],[-116.51079,40.90736],[-116.49715,40.91811],[-116.49199,40.93224],[-116.48307,40.94232],[-116.46742,40.95278],[-116.45474,40.97822]]}},{"type":"Feature","properties":{"section_id":1227,"section_name":"Southern Huntington Valley","state":"NV","secondary_state":"","dip_deg":50.0,"dip_dir":"E","rake_deg":-90.0,"upper_depth_km":0.0,"lower_depth_km":15.0},"geometry":{"type":"LineString","coordinates":[[-115.7589,39.91651],[-115.75144,39.94333],[-115.74697,39.98426],[-115.75405,40.00455],[-115.74295,40.03986],[-115.73822,40.0596],[-115.71286,40.10124],[-115.69732,40.11418]]}},{"type":"Feature","properties":{"section_id":1228,"section_name":"Southern Snake Range","state":"NV","secondary_state":"","dip_deg":50.0,"dip_dir":"E","rake_deg":-90.0,"upper_depth_km":0.0,"lower_depth_km":15.0},"geometry":{"type":"LineString","coordinates":[[-114.14509,38.69699],[-114.14077,38.78132],[-114.1644,38.85456]]}},{"type":"Feature","properties":{"section_id":1229,"section_name":"Southern Spring Valley","state":"NV","secondary_state":"","dip_deg":50.0,"dip_dir":"E","rake_deg":-90.0,"upper_depth_km":0.0,"lower_depth_km":15.0},"geometry":{"type":"LineString","coordinates":[[-114.50563,38.84047],[-114.50949,38.86801],[-114.4939,38.90422],[-114.49902,38.92704],[-114.48667,38.95982],[-114.48643,38.98381],[-114.50261,38.99951],[-114.52007,39.02676],[-114.52925,39.04386],[-114.51293,39.07398],[-114.4839,39.11321],[-114.4942,39.14272],[-114.50157,39.15119],[-114.49784,39.16652],[-114.51133,39.20128]]}},{"type":"Feature","properties":{"section_id":1230,"section_name":"Spotted Range","state":"NV","secondary_state":"","dip_deg":50.0,"dip_dir":"W","rake_deg":-90.0,"upper_depth_km":0.0,"lower_depth_km":15.0},"geometry":{"type":"LineString","coordinates":[[-115.72433,36.95215],[-115.72072,36.93384],[-115.72227,36.92051],[-115.72482,36.89852],[-115.71945,36.88016],[-115.72341,36.86561],[-115.73159,36.81454],[-115.7428,36.78972],[-115.74916,36.77915],[-115.75472,36.77139],[-115.76679,36.75583],[-115.77167,36.74763],[-115.78049,36.73199],[-115.81348,36.69762]]}},{"type":"Feature","properties":{"section_id":1232,"section_name":"Steptoe Valley (west)","state":"NV","secondary_state":"","dip_deg":50.0,"dip_dir":"E","rake_deg":-90.0,"upper_depth_km":0.0,"lower_depth_km":15.0},"geometry":{"type":"LineString","coordinates":[[-114.84679,39.03906],[-114.83546,39.07218],[-114.84096,39.11605],[-114.86523,39.18127],[-114.89471,39.23353],[-114.87031,39.28039],[-114.88915,39.31291],[-114.88854,39.35114],[-114.85866,39.39367],[-114.85525,39.42479],[-114.88285,39.46789],[-114.93036,39.48796],[-114.93818,39.52721],[-114.92664,39.54645],[-114.92473,39.58253],[-114.88509,39.60538],[-114.8853,39.62139],[-114.85979,39.64475],[-114.84237,39.69378],[-114.83426,39.7204],[-114.84027,39.756],[-114.85485,39.77648],[-114.88196,39.79035],[-114.88423,39.82326],[-114.89969,39.83274],[-114.91164,39.86448],[-114.9044,39.88627],[-114.85786,39.94861],[-114.84155,39.98321],[-114.82042,40.00741],[-114.77489,40.07695],[-114.76704,40.10188],[-114.78016,40.12374],[-114.81728,40.1889],[-114.83285,40.23599],[-114.85642,40.29584],[-114.87873,40.32167],[-114.89006,40.35572]]}},{"type":"Feature","properties":{"section_id":1233,"section_name":"Terraced Hills","state":"NV","secondary_state":"","dip_deg":90.0,"dip_dir":"Vertical","rake_deg":180.0,"upper_depth_km":0.0,"lower_depth_km":15.0},"geometry":{"type":"LineString","coordinates":[[-119.71104,40.24879],[-119.67633,40.21087],[-119.66935,40.19969],[-119.63412,40.13233],[-119.63127,40.10306],[-119.61842,40.07236]]}},{"type":"Feature","properties":{"section_id":1234,"section_name":"The Cove","state":"NV","secondary_state":"","dip_deg":50.0,"dip_dir":"E","rake_deg":-90.0,"upper_depth_km":0.0,"lower_depth_km":15.0},"geometry":{"type":"LineString","coordinates":[[-115.28276,38.62578],[-115.28859,38.68569],[-115.28538,38.70931],[-115.27552,38.72374],[-115.27839,38.73177],[-115.27323,38.74251],[-115.2601,38.75011],[-115.25279,38.74941],[-115.22977,38.75865],[-115.20409,38.76497],[-115.19969,38.78559],[-115.16763,38.79549]]}},{"type":"Feature","properties":{"section_id":1235,"section_name":"Thousand Springs Valley","state":"NV","secondary_state":"","dip_deg":50.0,"dip_dir":"E","rake_deg":-90.0,"upper_depth_km":0.0,"lower_depth_km":15.0},"geometry":{"type":"LineString","coordinates":[[-114.66291,41.44054],[-114.65229,41.48887],[-114.64838,41.5067],[-114.61445,41.53097],[-114.60624,41.55454],[-114.56987,41.5914]]}},{"type":"Feature","properties":{"section_id":1236,"section_name":"Tikaboo","state":"NV","secondary_state":"","dip_deg":50.0,"dip_dir":"E","rake_deg":-90.0,"upper_depth_km":0.0,"lower_depth_km":15.0},"geometry":{"type":"LineString","coordinates":[[-115.46722,37.28445],[-115.50806,37.36302]]}},{"type":"Feature","properties":{"section_id":1237,"section_name":"Toquima Range","state":"NV","secondary_state":"","dip_deg":50.0,"dip_dir":"E","rake_deg":-90.0,"upper_depth_km":0.0,"lower_depth_km":15.0},"geometry":{"type":"LineString","coordinates":[[-116.89236,38.61292],[-116.83503,38.66711],[-116.79857,38.69886],[-116.79588,38.72003],[-116.81114,38.73297],[-116.82151,38.75232],[-116.84669,38.77862],[-116.85633,38.80615],[-116.85046,38.83362],[-116.78121,38.92072],[-116.76799,38.95605],[-116.76334,38.99977],[-116.72453,39.0531],[-116.67438,39.07631]]}},{"type":"Feature","properties":{"section_id":1238,"section_name":"Tuscarora","state":"NV","secondary_state":"","dip_deg":50.0,"dip_dir":"SE","rake_deg":-90.0,"upper_depth_km":0.0,"lower_depth_km":15.0},"geometry":{"type":"LineString","coordinates":[[-116.24624,41.23698],[-116.22442,41.26312],[-116.2171,41.27959],[-116.19703,41.29845],[-116.1885,41.31812],[-116.18016,41.33111],[-116.16752,41.35468]]}},{"type":"Feature","properties":{"section_id":1239,"section_name":"Paradise Range (unnamed)","state":"NV","secondary_state":"","dip_deg":50.0,"dip_dir":"W","rake_deg":-90.0,"upper_depth_km":0.0,"lower_depth_km":15.0},"geometry":{"type":"LineString","coordinates":[[-117.84639,38.8085],[-117.84018,38.79585],[-117.83956,38.77983],[-117.81445,38.74669],[-117.81322,38.71988],[-117.80418,38.68845],[-117.80478,38.65131],[-117.81154,38.63535]]}},{"type":"Feature","properties":{"section_id":1240,"section_name":"Andesite Ridge (unnamed)","state":"NV","secondary_state":"","dip_deg":90.0,"dip_dir":"Vertical","rake_deg":0.0,"upper_depth_km":0.0,"lower_depth_km":15.0},"geometry":{"type":"LineString","coordinates":[[-116.04581,38.8942],[-116.10259,38.857],[-116.14849,38.80767],[-116.17066,38.76645],[-116.17781,38.74161],[-116.17746,38.72311]]}},{"type":"Feature","properties":{"section_id":1241,"section_name":"Pilot Mountains (unnamed)","state":"NV","secondary_state":"","dip_deg":50.0,"dip_dir":"E","rake_deg":-90.0,"upper_depth_km":0.0,"lower_depth_km":15.0},"geometry":{"type":"LineString","coordinates":[[-117.80014,38.23456],[-117.81228,38.24598],[-117.84053,38.28341],[-117.90504,38.35407]]}},{"type":"Feature","properties":{"section_id":1242,"section_name":"Bluewing Mountains (unnamed)","state":"NV","secondary_state":"","dip_deg":50.0,"dip_dir":"NW","rake_deg":-90.0,"upper_depth_km":0.0,"lower_depth_km":15.0},"geometry":{"type":"LineString","coordinates":[[-119.0193,40.40333],[-119.0242,40.39432],[-119.03127,40.38902],[-119.04748,40.37736],[-119.05638,40.36643],[-119.08241,40.34489],[-119.09209,40.32637],[-119.10086,40.3138],[-119.10365,40.30892]]}},{"type":"Feature","properties":{"section_id":1243,"section_name":"Reno (unnamed)","state":"NV","secondary_state":"","dip_deg":50.0,"dip_dir":"W","rake_deg":-90.0,"upper_depth_km":0.0,"lower_depth_km":15.0},"geometry":{"type":"LineString","coordinates":[[-119.69731,39.51875],[-119.70485,39.51664],[-119.70989,39.51304],[-119.71012,39.50789],[-119.70575,39.49252],[-119.70655,39.48168],[-119.71163,39.47593],[-119.71792,39.47385],[-119.72192,39.46804],[-119.72166,39.46353],[-119.714,39.44791],[-119.70327,39.43913],[-119.70085,39.43442],[-119.70007,39.4263],[-119.70649,39.42082],[-119.7154,39.39341]]}},{"type":"Feature","properties":{"section_id":1244,"section_name":"Dead Camel Mountain (unnamed)","state":"NV","secondary_state":"","dip_deg":50.0,"dip_dir":"N","rake_deg":-90.0,"upper_depth_km":0.0,"lower_depth_km":15.0},"geometry":{"type":"LineString","coordinates":[[-119.0192,39.38767],[-119.0735,39.37308],[-119.08921,39.37912],[-119.12574,39.37833],[-119.13195,39.38542],[-119.17782,39.38993]]}},{"type":"Feature","properties":{"section_id":1245,"section_name":"Desert Mountains (center, unnamed)","state":"NV","secondary_state":"","dip_deg":50.0,"dip_dir":"N","rake_deg":-90.0,"upper_depth_km":0.0,"lower_depth_km":15.0},"geometry":{"type":"LineString","coordinates":[[-118.98218,39.25721],[-119.03962,39.23763],[-119.08493,39.22741]]}},{"type":"Feature","properties":{"section_id":1246,"section_name":"Desert Mountains (east, unnamed)","state":"NV","secondary_state":"","dip_deg":50.0,"dip_dir":"N","rake_deg":-90.0,"upper_depth_km":0.0,"lower_depth_km":15.0},"geometry":{"type":"LineString","coordinates":[[-118.89524,39.22803],[-118.92734,39.21029],[-119.00382,39.20974]]}},{"type":"Feature","properties":{"section_id":1247,"section_name":"Desert Mountains (west, unnamed)","state":"NV","secondary_state":"","dip_deg":50.0,"dip_dir":"NE","rake_deg":-90.0,"upper_depth_km":0.0,"lower_depth_km":15.0},"geometry":{"type":"LineString","coordinates":[[-119.13804,39.23192],[-119.21362,39.26938]]}},{"type":"Feature","properties":{"section_id":1248,"section_name":"Long Valley (center, unnamed)","state":"NV","secondary_state":"","dip_deg":50.0,"dip_dir":"SE","rake_deg":-90.0,"upper_depth_km":0.0,"lower_depth_km":15.0},"geometry":{"type":"LineString","coordinates":[[-119.8463,41.45702],[-119.83717,41.4931],[-119.79785,41.5298]]}},{"type":"Feature","properties":{"section_id":1249,"section_name":"Long Valley (north, unnamed)","state":"NV","secondary_state":"","dip_deg":50.0,"dip_dir":"SE","rake_deg":-90.0,"upper_depth_km":0.0,"lower_depth_km":15.0},"geometry":{"type":"LineString","coordinates":[[-119.83198,41.6072],[-119.82777,41.63528],[-119.78302,41.69472]]}},{"type":"Feature","properties":{"section_id":1250,"section_name":"Long Valley (south, unnamed)","state":"NV","secondary_state":"","dip_deg":50.0,"dip_dir":"SE","rake_deg":-90.0,"upper_depth_km":0.0,"lower_depth_km":15.0},"geometry":{"type":"LineString","coordinates":[[-119.84363,41.39446],[-119.81434,41.43206],[-119.78106,41.45842],[-119.76321,41.48757],[-119.74821,41.49963]]}},{"type":"Feature","properties":{"section_id":1251,"section_name":"Pine Mountains (unnamed)","state":"NV","secondary_state":"","dip_deg":50.0,"dip_dir":"E","rake_deg":-90.0,"upper_depth_km":0.0,"lower_depth_km":15.0},"geometry":{"type":"LineString","coordinates":[[-119.33815,39.14701],[-119.33704,39.17045],[-119.33121,39.19364],[-119.34323,39.22133],[-119.34875,39.23448]]}},{"type":"Feature","properties":{"section_id":1252,"section_name":"Little Valley (unnamed)","state":"NV","secondary_state":"","dip_deg":50.0,"dip_dir":"W","rake_deg":-90.0,"upper_depth_km":0.0,"lower_depth_km":15.0},"geometry":{"type":"LineString","coordinates":[[-119.21243,39.91974],[-119.22371,39.89732],[-119.22725,39.85804],[-119.23147,39.84205],[-119.22681,39.82635],[-119.21633,39.81265],[-119.21131,39.79162],[-119.21024,39.76786],[-119.222,39.72949],[-119.24274,39.69135]]}},{"type":"Feature","properties":{"section_id":1253,"section_name":"The Lava Beds (west)","state":"NV","secondary_state":"","dip_deg":50.0,"dip_dir":"W","rake_deg":-90.0,"upper_depth_km":0.0,"lower_depth_km":15.0},"geometry":{"type":"LineString","coordinates":[[-119.03125,40.51783],[-119.02202,40.50662],[-119.01079,40.48037],[-119.00692,40.46772],[-119.0038,40.46151],[-119.0015,40.45752]]}},{"type":"Feature","properties":{"section_id":1254,"section_name":"Garden Valley (unnamed)","state":"NV","secondary_state":"","dip_deg":50.0,"dip_dir":"E","rake_deg":-90.0,"upper_depth_km":0.0,"lower_depth_km":15.0},"geometry":{"type":"LineString","coordinates":[[-115.54079,38.09903],[-115.54294,38.15108],[-115.53384,38.19958],[-115.51793,38.21035],[-115.48805,38.21615],[-115.46904,38.24571],[-115.45321,38.27265],[-115.45521,38.28934],[-115.47176,38.31844],[-115.46691,38.33638],[-115.47988,38.3587],[-115.46106,38.39441]]}},{"type":"Feature","properties":{"section_id":1255,"section_name":"Luning (unnamed)","state":"NV","secondary_state":"","dip_deg":50.0,"dip_dir":"N","rake_deg":-90.0,"upper_depth_km":0.0,"lower_depth_km":15.0},"geometry":{"type":"LineString","coordinates":[[-118.20223,38.4972],[-118.2413,38.49725],[-118.27592,38.48859],[-118.29845,38.47989],[-118.33006,38.48345],[-118.35481,38.48006]]}},{"type":"Feature","properties":{"section_id":1256,"section_name":"Sahwave Mountains (unnamed)","state":"NV","secondary_state":"","dip_deg":50.0,"dip_dir":"NW","rake_deg":-90.0,"upper_depth_km":0.0,"lower_depth_km":15.0},"geometry":{"type":"LineString","coordinates":[[-119.00196,40.349],[-119.02095,40.31948],[-119.02868,40.31129],[-119.05393,40.289],[-119.06178,40.28314],[-119.07744,40.25625],[-119.09176,40.24464],[-119.09512,40.24277]]}},{"type":"Feature","properties":{"section_id":1257,"section_name":"Cedar Mountains (unnamed)","state":"NV","secondary_state":"","dip_deg":50.0,"dip_dir":"SW","rake_deg":-90.0,"upper_depth_km":0.0,"lower_depth_km":15.0},"geometry":{"type":"LineString","coordinates":[[-117.91947,38.58739],[-117.91249,38.582],[-117.89422,38.55982],[-117.87888,38.55934],[-117.84721,38.5351],[-117.82244,38.51437],[-117.80952,38.49013],[-117.79238,38.47341]]}},{"type":"Feature","properties":{"section_id":1259,"section_name":"Fourmile Flat (unnamed)","state":"NV","secondary_state":"","dip_deg":50.0,"dip_dir":"E","rake_deg":-90.0,"upper_depth_km":0.0,"lower_depth_km":15.0},"geometry":{"type":"LineString","coordinates":[[-118.57408,39.31092],[-118.57545,39.31718],[-118.57717,39.33094],[-118.57703,39.34098],[-118.56841,39.36296],[-118.55725,39.36962]]}},{"type":"Feature","properties":{"section_id":1260,"section_name":"Gabbs Valley (unnamed)","state":"NV","secondary_state":"","dip_deg":50.0,"dip_dir":"SE","rake_deg":-90.0,"upper_depth_km":0.0,"lower_depth_km":15.0},"geometry":{"type":"LineString","coordinates":[[-118.13072,38.84662],[-118.12005,38.90602],[-118.11089,38.92351],[-118.10623,38.96247],[-118.0996,38.97762],[-118.09293,38.9973],[-118.08654,39.00621],[-118.08358,39.02478],[-118.07264,39.03236],[-118.05848,39.034]]}},{"type":"Feature","properties":{"section_id":1261,"section_name":"Pine Valley (unnamed)","state":"NV","secondary_state":"","dip_deg":50.0,"dip_dir":"SE","rake_deg":-90.0,"upper_depth_km":0.0,"lower_depth_km":15.0},"geometry":{"type":"LineString","coordinates":[[-116.33564,40.24361],[-116.31342,40.26421],[-116.28702,40.29245],[-116.27459,40.29823]]}},{"type":"Feature","properties":{"section_id":1262,"section_name":"Trinity Range (unnamed)","state":"NV","secondary_state":"","dip_deg":50.0,"dip_dir":"W","rake_deg":-90.0,"upper_depth_km":0.0,"lower_depth_km":15.0},"geometry":{"type":"LineString","coordinates":[[-118.7571,40.25402],[-118.75501,40.23375],[-118.76654,40.18056],[-118.76788,40.16057],[-118.76199,40.13758],[-118.753,40.11375],[-118.73022,40.1056],[-118.72486,40.08472],[-118.70864,40.06682],[-118.69675,40.0461],[-118.7032,40.02043],[-118.71147,40.00771],[-118.74694,39.98007],[-118.77275,39.96845]]}},{"type":"Feature","properties":{"section_id":1263,"section_name":"Volcanic Hills (unnamed)","state":"NV","secondary_state":"","dip_deg":90.0,"dip_dir":"Vertical","rake_deg":0.0,"upper_depth_km":0.0,"lower_depth_km":15.0},"geometry":{"type":"LineString","coordinates":[[-118.28213,38.00349],[-118.36018,38.01824],[-118.46977,38.00326]]}},{"type":"Feature","properties":{"section_id":1264,"section_name":"White River Valley (unnamed)","state":"NV","secondary_state":"","dip_deg":50.0,"dip_dir":"SE","rake_deg":-90.0,"upper_depth_km":0.0,"lower_depth_km":15.0},"geometry":{"type":"LineString","coordinates":[[-115.17809,38.35279],[-115.13205,38.44869],[-115.1174,38.48011],[-115.11629,38.5273],[-115.12586,38.57075],[-115.11955,38.61977]]}},{"type":"Feature","properties":{"section_id":1265,"section_name":"Candelaria Hills (unnamed)","state":"NV","secondary_state":"","dip_deg":90.0,"dip_dir":"Vertical","rake_deg":0.0,"upper_depth_km":0.0,"lower_depth_km":15.0},"geometry":{"type":"LineString","coordinates":[[-118.34677,38.11916],[-118.33213,38.12065],[-118.26608,38.13085],[-118.1977,38.14948],[-118.13258,38.14646],[-118.08731,38.15606],[-118.05964,38.15463],[-118.03901,38.15092],[-117.98882,38.15744]]}},{"type":"Feature","properties":{"section_id":1266,"section_name":"Packard Flat (unnamed)","state":"NV","secondary_state":"","dip_deg":50.0,"dip_dir":"W","rake_deg":-90.0,"upper_depth_km":0.0,"lower_depth_km":15.0},"geometry":{"type":"LineString","coordinates":[[-118.14675,40.26187],[-118.15253,40.24001],[-118.15631,40.22854],[-118.17293,40.20688],[-118.18698,40.19789],[-118.20423,40.1745]]}},{"type":"Feature","properties":{"section_id":1268,"section_name":"Ione Valley (unnamed)","state":"NV","secondary_state":"","dip_deg":50.0,"dip_dir":"SE","rake_deg":-90.0,"upper_depth_km":0.0,"lower_depth_km":15.0},"geometry":{"type":"LineString","coordinates":[[-117.6746,39.04321],[-117.6668,39.07731],[-117.65505,39.09833],[-117.64994,39.11065]]}},{"type":"Feature","properties":{"section_id":1269,"section_name":"Clan Alpine Mountains (unnamed)","state":"NV","secondary_state":"","dip_deg":50.0,"dip_dir":"E","rake_deg":-90.0,"upper_depth_km":0.0,"lower_depth_km":15.0},"geometry":{"type":"LineString","coordinates":[[-117.94977,39.31568],[-117.93945,39.36872],[-117.93865,39.41206],[-117.94024,39.42834],[-117.9274,39.44732]]}},{"type":"Feature","properties":{"section_id":1270,"section_name":"Pahranagat Valley (unnamed)","state":"NV","secondary_state":"","dip_deg":50.0,"dip_dir":"E","rake_deg":-90.0,"upper_depth_km":0.0,"lower_depth_km":15.0},"geometry":{"type":"LineString","coordinates":[[-115.32376,37.52933],[-115.32576,37.53785],[-115.3222,37.55055],[-115.32939,37.56548],[-115.32961,37.58024],[-115.33282,37.59185],[-115.32569,37.61583],[-115.32275,37.64978],[-115.32478,37.66187]]}},{"type":"Feature","properties":{"section_id":1271,"section_name":"Antelope Range (unnamed)","state":"NV","secondary_state":"","dip_deg":50.0,"dip_dir":"W","rake_deg":-90.0,"upper_depth_km":0.0,"lower_depth_km":15.0},"geometry":{"type":"LineString","coordinates":[[-114.45754,39.93628],[-114.46959,39.91188],[-114.48865,39.84301],[-114.49322,39.81554],[-114.47567,39.76765],[-114.47693,39.72882],[-114.49332,39.70605]]}},{"type":"Feature","properties":{"section_id":1272,"section_name":"Wellington Hills (unnamed)","state":"NV","secondary_state":"","dip_deg":50.0,"dip_dir":"E","rake_deg":-90.0,"upper_depth_km":0.0,"lower_depth_km":15.0},"geometry":{"type":"LineString","coordinates":[[-119.43683,38.65423],[-119.43237,38.66642],[-119.43033,38.72578]]}},{"type":"Feature","properties":{"section_id":1273,"section_name":"Wahmonie","state":"NV","secondary_state":"","dip_deg":50.0,"dip_dir":"N","rake_deg":-90.0,"upper_depth_km":0.0,"lower_depth_km":15.0},"geometry":{"type":"LineString","coordinates":[[-116.14128,36.86111],[-116.14608,36.84304],[-116.16629,36.81675],[-116.18644,36.78398],[-116.21612,36.75956],[-116.224,36.75637],[-116.23289,36.75091]]}},{"type":"Feature","properties":{"section_id":1274,"section_name":"Warner Valley (east, Coleman Valley)","state":"NV","secondary_state":"OR","dip_deg":50.0,"dip_dir":"W","rake_deg":-90.0,"upper_depth_km":0.0,"lower_depth_km":15.0},"geometry":{"type":"LineString","coordinates":[[-119.76055,42.10617],[-119.75301,42.08372],[-119.76232,42.06832],[-119.75945,42.00053],[-119.70326,41.93452],[-119.67629,41.89509],[-119.66729,41.87581],[-119.67315,41.84325],[-119.67216,41.78686],[-119.71214,41.75464],[-119.72536,41.73196],[-119.76556,41.71142]]}},{"type":"Feature","properties":{"section_id":1275,"section_name":"Warner Valley (west, Coleman Valley)","state":"OR","secondary_state":"NV","dip_deg":50.0,"dip_dir":"E","rake_deg":-90.0,"upper_depth_km":0.0,"lower_depth_km":15.0},"geometry":{"type":"LineString","coordinates":[[-119.80143,41.96539],[-119.81878,41.9917],[-119.82429,42.00018],[-119.84131,42.07001],[-119.82586,42.10228]]}},{"type":"Feature","properties":{"section_id":1276,"section_name":"West Dry Lake","state":"NV","secondary_state":"","dip_deg":50.0,"dip_dir":"E","rake_deg":-90.0,"upper_depth_km":0.0,"lower_depth_km":15.0},"geometry":{"type":"LineString","coordinates":[[-114.836631,37.763726],[-114.831154,37.799959],[-114.822833,37.816812],[-114.824518,37.826608],[-114.822306,37.853362],[-114.808297,37.88138],[-114.800503,37.902867]]}},{"type":"Feature","properties":{"section_id":1278,"section_name":"West Specter Range","state":"NV","secondary_state":"","dip_deg":50.0,"dip_dir":"W","rake_deg":-90.0,"upper_depth_km":0.0,"lower_depth_km":15.0},"geometry":{"type":"LineString","coordinates":[[-116.22165,36.57198],[-116.21678,36.56142],[-116.20937,36.53589],[-116.21534,36.53079],[-116.218,36.5178],[-116.22756,36.4949]]}},{"type":"Feature","properties":{"section_id":1280,"section_name":"Western Bull Run Mountains","state":"NV","secondary_state":"","dip_deg":50.0,"dip_dir":"W","rake_deg":-90.0,"upper_depth_km":0.0,"lower_depth_km":15.0},"geometry":{"type":"LineString","coordinates":[[-116.17107,41.70414],[-116.17698,41.69493],[-116.17827,41.67856],[-116.18154,41.66834],[-116.18935,41.65341],[-116.19002,41.64362],[-116.19517,41.63291],[-116.2074,41.61966],[-116.21589,41.61071],[-116.20935,41.58981],[-116.19657,41.56032]]}},{"type":"Feature","properties":{"section_id":1281,"section_name":"Western Fairview Peak","state":"NV","secondary_state":"","dip_deg":50.0,"dip_dir":"W","rake_deg":-135.0,"upper_depth_km":0.0,"lower_depth_km":15.0},"geometry":{"type":"LineString","coordinates":[[-118.21166,39.26364],[-118.23095,39.2325],[-118.2285,39.21175],[-118.22419,39.18121],[-118.22683,39.1614],[-118.23913,39.15281],[-118.23969,39.13496],[-118.24014,39.1213],[-118.22957,39.10442],[-118.21527,39.09748],[-118.2027,39.08711]]}},{"type":"Feature","properties":{"section_id":1282,"section_name":"Western Reveille Range","state":"NV","secondary_state":"","dip_deg":50.0,"dip_dir":"W","rake_deg":-90.0,"upper_depth_km":0.0,"lower_depth_km":15.0},"geometry":{"type":"LineString","coordinates":[[-116.19533,38.04444],[-116.2038,38.0215],[-116.19696,37.99233],[-116.17305,37.95926],[-116.1656,37.94143],[-116.15576,37.84418],[-116.13018,37.81538]]}},{"type":"Feature","properties":{"section_id":1283,"section_name":"Western Roberts Mountains","state":"NV","secondary_state":"","dip_deg":50.0,"dip_dir":"SW","rake_deg":-90.0,"upper_depth_km":0.0,"lower_depth_km":15.0},"geometry":{"type":"LineString","coordinates":[[-116.38674,39.75251],[-116.36825,39.73908],[-116.3538,39.72717],[-116.32746,39.7044],[-116.31407,39.67688]]}},{"type":"Feature","properties":{"section_id":1284,"section_name":"Western Tecoma Valley","state":"NV","secondary_state":"","dip_deg":50.0,"dip_dir":"E","rake_deg":-90.0,"upper_depth_km":0.0,"lower_depth_km":15.0},"geometry":{"type":"LineString","coordinates":[[-114.29874,41.18316],[-114.3036,41.19774],[-114.31662,41.21526],[-114.31035,41.25642],[-114.30217,41.27367],[-114.27935,41.30795],[-114.26721,41.32742],[-114.25809,41.34625],[-114.24498,41.36087]]}},{"type":"Feature","properties":{"section_id":1285,"section_name":"Wheeler Peak","state":"NV","secondary_state":"","dip_deg":50.0,"dip_dir":"W","rake_deg":-90.0,"upper_depth_km":0.0,"lower_depth_km":15.0},"geometry":{"type":"LineString","coordinates":[[-114.3667,38.98099],[-114.3583,38.96296],[-114.36466,38.91249],[-114.35704,38.88538],[-114.36334,38.85777],[-114.35871,38.84576],[-114.36328,38.82519]]}},{"type":"Feature","properties":{"section_id":1287,"section_name":"Wildcat Wash","state":"NV","secondary_state":"","dip_deg":50.0,"dip_dir":"W","rake_deg":-90.0,"upper_depth_km":0.0,"lower_depth_km":15.0},"geometry":{"type":"LineString","coordinates":[[-114.8483,36.98577],[-114.85348,36.97324],[-114.86146,36.96782],[-114.85922,36.95691],[-114.86989,36.9475],[-114.87645,36.88954],[-114.87169,36.88014],[-114.86307,36.84263],[-114.87699,36.80115]]}},{"type":"Feature","properties":{"section_id":1288,"section_name":"Yucca - Boundary","state":"NV","secondary_state":"","dip_deg":50.0,"dip_dir":"E","rake_deg":-90.0,"upper_depth_km":0.0,"lower_depth_km":15.0},"geometry":{"type":"LineString","coordinates":[[-116.04647,37.00927],[-116.04914,37.03189],[-116.04296,37.05567],[-116.04178,37.07668],[-116.04328,37.09789],[-116.05122,37.1203],[-116.0618,37.15371],[-116.05892,37.19103],[-116.05865,37.21757],[-116.04052,37.23639]]}},{"type":"Feature","properties":{"section_id":1289,"section_name":"Yucca Mountains (east)","state":"NV","secondary_state":"","dip_deg":50.0,"dip_dir":"W","rake_deg":-90.0,"upper_depth_km":0.0,"lower_depth_km":15.0},"geometry":{"type":"LineString","coordinates":[[-116.408998,36.879902],[-116.425008,36.789739],[-116.43849,36.766566],[-116.470932,36.720643]]}},{"type":"Feature","properties":{"section_id":1290,"section_name":"Yucca Mountains (west)","state":"NV","secondary_state":"","dip_deg":50.0,"dip_dir":"W","rake_deg":-90.0,"upper_depth_km":0.0,"lower_depth_km":15.0},"geometry":{"type":"LineString","coordinates":[[-116.5018,36.90947],[-116.49901,36.88836],[-116.50681,36.86433],[-116.51484,36.84262],[-116.51648,36.82452],[-116.5177,36.79788],[-116.51548,36.78165],[-116.509,36.77412],[-116.51086,36.75766],[-116.50924,36.74621],[-116.52441,36.72475],[-116.54228,36.69817]]}},{"type":"Feature","properties":{"section_id":2000,"section_name":"Algodones","state":"AZ","secondary_state":"","dip_deg":50.0,"dip_dir":"NE","rake_deg":-90.0,"upper_depth_km":0.0,"lower_depth_km":15.0},"geometry":{"type":"LineString","coordinates":[[-114.40759,32.36229],[-114.42494,32.39011],[-114.44586,32.42941],[-114.47051,32.45656],[-114.5132,32.48507],[-114.55289,32.5366],[-114.57051,32.55287],[-114.60994,32.58949]]}},{"type":"Feature","properties":{"section_id":2001,"section_name":"Aubrey","state":"AZ","secondary_state":"","dip_deg":50.0,"dip_dir":"W","rake_deg":-90.0,"upper_depth_km":0.0,"lower_depth_km":15.0},"geometry":{"type":"LineString","coordinates":[[-113.16454,35.79866],[-113.15235,35.79206],[-113.13167,35.80374],[-113.07987,35.81165],[-113.06059,35.80017],[-113.0465,35.7745],[-113.03295,35.76318],[-113.02957,35.74612],[-113.02257,35.73419],[-113.01291,35.69139],[-113.04723,35.59478],[-113.06336,35.57323],[-113.05945,35.54751],[-113.01546,35.51059],[-112.97171,35.43459],[-112.95988,35.3541]]}},{"type":"Feature","properties":{"section_id":2003,"section_name":"Dutchman Draw","state":"AZ","secondary_state":"","dip_deg":50.0,"dip_dir":"NW","rake_deg":-90.0,"upper_depth_km":0.0,"lower_depth_km":15.0},"geometry":{"type":"LineString","coordinates":[[-113.34863,37.00294],[-113.37438,36.98314],[-113.43228,36.95168],[-113.44192,36.95047],[-113.46904,36.93926],[-113.48796,36.92485],[-113.51123,36.913],[-113.5144,36.91147]]}},{"type":"Feature","properties":{"section_id":2004,"section_name":"Hurricane (center)","state":"AZ","secondary_state":"UT","dip_deg":50.0,"dip_dir":"W","rake_deg":-90.0,"upper_depth_km":0.0,"lower_depth_km":15.0},"geometry":{"type":"LineString","coordinates":[[-113.28245,37.29742],[-113.27471,37.27108],[-113.28337,37.24224],[-113.25903,37.20891],[-113.28384,37.17561],[-113.28817,37.15422],[-113.30496,37.12862],[-113.30692,37.08192],[-113.2891,37.02183],[-113.30071,37.00261],[-113.33794,36.94424],[-113.3609,36.91932],[-113.34722,36.87366],[-113.32882,36.84017],[-113.31295,36.81272],[-113.30034,36.78434],[-113.28907,36.74084],[-113.26398,36.69971],[-113.25131,36.69168],[-113.24072,36.66617],[-113.24608,36.63027],[-113.25159,36.61517],[-113.26331,36.59565],[-113.29919,36.57704],[-113.32133,36.51985],[-113.31983,36.49986],[-113.3029,36.44119],[-113.28409,36.40782]]}},{"type":"Feature","properties":{"section_id":2005,"section_name":"Hurricane (south)","state":"AZ","secondary_state":"","dip_deg":50.0,"dip_dir":"NW","rake_deg":-90.0,"upper_depth_km":0.0,"lower_depth_km":15.0},"geometry":{"type":"LineString","coordinates":[[-113.24622,36.3635],[-113.23,36.34131],[-113.21115,36.3299],[-113.20619,36.32424],[-113.19646,36.29881],[-113.20011,36.28716],[-113.21652,36.27422],[-113.22398,36.2517],[-113.22425,36.2251],[-113.21042,36.17167],[-113.21619,36.10699],[-113.22647,36.00039],[-113.23628,35.98367],[-113.24085,35.93454],[-113.25467,35.91359],[-113.27239,35.89725],[-113.29943,35.84121],[-113.33868,35.79294],[-113.37158,35.72622],[-113.40664,35.68379],[-113.42947,35.65344],[-113.43674,35.63944],[-113.44943,35.61035],[-113.45599,35.59341],[-113.46191,35.57768],[-113.46713,35.56276],[-113.47466,35.54273]]}},{"type":"Feature","properties":{"section_id":2006,"section_name":"Sevier - Toroweap","state":"AZ","secondary_state":"UT","dip_deg":50.0,"dip_dir":"NW","rake_deg":-90.0,"upper_depth_km":0.0,"lower_depth_km":15.0},"geometry":{"type":"LineString","coordinates":[[-112.64716,37.1792],[-112.65407,37.14502],[-112.69403,37.08513],[-112.71575,37.03288],[-112.71413,37.01552],[-112.71734,37.001],[-112.72134,36.98195],[-112.71574,36.93732],[-112.73001,36.90452],[-112.74123,36.89676],[-112.74185,36.86131],[-112.74683,36.8488],[-112.77877,36.80524],[-112.7982,36.77712],[-112.80363,36.75125],[-112.8107,36.71141],[-112.81208,36.69976],[-112.82105,36.64267],[-112.84392,36.61451],[-112.87872,36.60329],[-112.91758,36.58172],[-112.9354,36.56487],[-112.99657,36.50651],[-113.04905,36.44405],[-113.05712,36.42076],[-113.06134,36.40642],[-113.05521,36.38613],[-113.05038,36.36348],[-113.06139,36.33229],[-113.07253,36.31687],[-113.07948,36.28883],[-113.07287,36.21876],[-113.07801,36.18942],[-113.07007,36.15763],[-113.0729,36.12375],[-113.08234,36.10272],[-113.09916,36.08366],[-113.09213,36.0479],[-113.09824,36.03157],[-113.11894,36.00059],[-113.12872,35.95549],[-113.12661,35.94509],[-113.13071,35.92365],[-113.17676,35.86027],[-113.18714,35.8365],[-113.20271,35.80818],[-113.20709,35.78885]]}},{"type":"Feature","properties":{"section_id":2033,"section_name":"Detrital Valley","state":"AZ","secondary_state":"","dip_deg":50.0,"dip_dir":"E","rake_deg":-90.0,"upper_depth_km":0.0,"lower_depth_km":15.0},"geometry":{"type":"LineString","coordinates":[[-114.54837,35.84971],[-114.54983,35.86712],[-114.5505,35.88072],[-114.53854,35.88951],[-114.53917,35.90448],[-114.53769,35.92273],[-114.53858,35.93293],[-114.54129,35.94368]]}},{"type":"Feature","properties":{"section_id":2034,"section_name":"Grand Wash","state":"AZ","secondary_state":"","dip_deg":50.0,"dip_dir":"W","rake_deg":-90.0,"upper_depth_km":0.0,"lower_depth_km":15.0},"geometry":{"type":"LineString","coordinates":[[-113.77991,36.64021],[-113.78372,36.62014],[-113.77738,36.59537],[-113.77794,36.58136],[-113.77987,36.56256],[-113.77247,36.54083],[-113.77397,36.52649],[-113.79028,36.50072],[-113.78826,36.48222],[-113.79381,36.45928],[-113.80282,36.44424],[-113.80739,36.42901],[-113.81522,36.41843],[-113.81405,36.39922],[-113.81752,36.38699],[-113.82624,36.37507],[-113.83399,36.36673],[-113.83822,36.34999],[-113.84975,36.32665],[-113.85174,36.3128],[-113.84549,36.3014],[-113.84077,36.29106]]}},{"type":"Feature","properties":{"section_id":2038,"section_name":"Littlefield Mesa","state":"AZ","secondary_state":"","dip_deg":50.0,"dip_dir":"W","rake_deg":-90.0,"upper_depth_km":0.0,"lower_depth_km":15.0},"geometry":{"type":"LineString","coordinates":[[-113.9604,36.99993],[-113.9854,36.99325],[-113.99795,36.98022],[-114.01522,36.95752],[-114.0223,36.92733],[-114.01908,36.8589],[-114.00886,36.84047],[-113.98426,36.8244]]}},{"type":"Feature","properties":{"section_id":2039,"section_name":"Main Street","state":"AZ","secondary_state":"","dip_deg":50.0,"dip_dir":"W","rake_deg":-90.0,"upper_depth_km":0.0,"lower_depth_km":15.0},"geometry":{"type":"LineString","coordinates":[[-113.49738,36.85337],[-113.49481,36.82005],[-113.49664,36.80059],[-113.49369,36.78409],[-113.47112,36.75705],[-113.45984,36.71858],[-113.46211,36.69888],[-113.42491,36.61964],[-113.41854,36.6128],[-113.40017,36.59275],[-113.39193,36.57553],[-113.40255,36.54982],[-113.41791,36.53549],[-113.44573,36.50111],[-113.46065,36.48276],[-113.46612,36.4693],[-113.4677,36.44405],[-113.45484,36.43452],[-113.45021,36.42028],[-113.45089,36.40526],[-113.43919,36.39188],[-113.42349,36.38746],[-113.43357,36.3572],[-113.45987,36.32519],[-113.49235,36.24803],[-113.53561,36.18369],[-113.54628,36.13729]]}},{"type":"Feature","properties":{"section_id":2040,"section_name":"Mead Slope","state":"AZ","secondary_state":"NV","dip_deg":50.0,"dip_dir":"SE","rake_deg":90.0,"upper_depth_km":0.0,"lower_depth_km":15.0},"geometry":{"type":"LineString","coordinates":[[-114.74346,36.05445],[-114.72479,36.06505],[-114.69672,36.08918],[-114.67585,36.0991],[-114.66458,36.12223]]}},{"type":"Feature","properties":{"section_id":2041,"section_name":"Mesquite","state":"AZ","secondary_state":"","dip_deg":50.0,"dip_dir":"NW","rake_deg":-90.0,"upper_depth_km":0.0,"lower_depth_km":15.0},"geometry":{"type":"LineString","coordinates":[[-113.88058,36.99076],[-113.87376,36.97726],[-113.87094,36.95814],[-113.86848,36.95155],[-113.87093,36.94019],[-113.86476,36.93051],[-113.86656,36.91725],[-113.8636,36.90629],[-113.87216,36.88489],[-113.87844,36.88103],[-113.88106,36.87265],[-113.87877,36.86709],[-113.89186,36.85557],[-113.90133,36.84229],[-113.90382,36.83682],[-113.90716,36.82723],[-113.91145,36.81751],[-113.92627,36.80489],[-113.93117,36.79645],[-113.93758,36.79152],[-113.94457,36.78277],[-113.95451,36.76421],[-113.95763,36.74834],[-113.96302,36.73815],[-113.96946,36.73319],[-113.99073,36.71878],[-113.99566,36.70953],[-114.00474,36.69975],[-114.02568,36.68813],[-114.03947,36.68413]]}},{"type":"Feature","properties":{"section_id":2043,"section_name":"Needles Graben","state":"AZ","secondary_state":"","dip_deg":50.0,"dip_dir":"SW","rake_deg":-90.0,"upper_depth_km":0.0,"lower_depth_km":15.0},"geometry":{"type":"LineString","coordinates":[[-114.51153,34.89819],[-114.50279,34.87701],[-114.49433,34.87255],[-114.49967,34.85082],[-114.48262,34.84516],[-114.4781,34.83618],[-114.45429,34.82347],[-114.42823,34.82377],[-114.4132,34.81718],[-114.39859,34.8057],[-114.38825,34.79406]]}},{"type":"Feature","properties":{"section_id":2058,"section_name":"Sunshine","state":"AZ","secondary_state":"","dip_deg":50.0,"dip_dir":"E","rake_deg":-90.0,"upper_depth_km":0.0,"lower_depth_km":15.0},"geometry":{"type":"LineString","coordinates":[[-113.30346,36.6087],[-113.31919,36.62421],[-113.32622,36.62437],[-113.34132,36.64013],[-113.35313,36.6519],[-113.36917,36.66841],[-113.3798,36.68111],[-113.39722,36.69952],[-113.42212,36.72082],[-113.43437,36.73626],[-113.44279,36.7856],[-113.41332,36.82064],[-113.37424,36.86896]]}},{"type":"Feature","properties":{"section_id":2059,"section_name":"Uinkaret volcanic field","state":"AZ","secondary_state":"","dip_deg":50.0,"dip_dir":"NE","rake_deg":-90.0,"upper_depth_km":0.0,"lower_depth_km":15.0},"geometry":{"type":"LineString","coordinates":[[-113.18395,36.47897],[-113.18247,36.49982],[-113.1971,36.53219],[-113.2115,36.56892],[-113.22073,36.58874],[-113.22531,36.60527],[-113.23734,36.63334],[-113.24252,36.63882]]}},{"type":"Feature","properties":{"section_id":2227,"section_name":"Owyhee Mountains - Halfway Gulch","state":"ID","secondary_state":"","dip_deg":50.0,"dip_dir":"NE","rake_deg":-90.0,"upper_depth_km":0.0,"lower_depth_km":15.0},"geometry":{"type":"LineString","coordinates":[[-116.04007,42.71196],[-116.18052,42.75365],[-116.23459,42.78033]]}},{"type":"Feature","properties":{"section_id":2500,"section_name":"Goose Lake","state":"OR","secondary_state":"CA","dip_deg":58.0,"dip_dir":"W","rake_deg":-90.0,"upper_depth_km":0.0,"lower_depth_km":8.5},"geometry":{"type":"LineString","coordinates":[[-120.34904,42.28169],[-120.36617,42.23824],[-120.34634,42.15486],[-120.30598,42.07263],[-120.2905,41.9851],[-120.31567,41.9247],[-120.268064,41.864394],[-120.22055,41.80407],[-120.20261,41.79266]]}},{"type":"Feature","properties":{"section_id":2502,"section_name":"Klamath Graben (Klamath Lake)","state":"OR","secondary_state":"","dip_deg":60.0,"dip_dir":"NE","rake_deg":-90.0,"upper_depth_km":0.0,"lower_depth_km":11.0},"geometry":{"type":"LineString","coordinates":[[-121.71837,42.01857],[-121.78586,42.09167],[-121.82879,42.12408],[-121.825549,42.191721],[-121.8223,42.25936],[-121.89333,42.32458],[-121.96332,42.43793]]}},{"type":"Feature","properties":{"section_id":2503,"section_name":"Abert Rim","state":"OR","secondary_state":"","dip_deg":50.0,"dip_dir":"NW","rake_deg":-90.0,"upper_depth_km":0.0,"lower_depth_km":15.0},"geometry":{"type":"LineString","coordinates":[[-120.06191,42.76406],[-120.08438,42.73862],[-120.1216,42.7124],[-120.12397,42.70174],[-120.15611,42.68267],[-120.18021,42.63643],[-120.17564,42.62492],[-120.17398,42.61008],[-120.18207,42.59489],[-120.17741,42.56784],[-120.18421,42.56448],[-120.19464,42.55426],[-120.20106,42.54377],[-120.20819,42.5396],[-120.21151,42.53721],[-120.21577,42.52998],[-120.22937,42.50841],[-120.24593,42.43979]]}},{"type":"Feature","properties":{"section_id":2505,"section_name":"Battle Rock","state":"OR","secondary_state":"","dip_deg":50.0,"dip_dir":"NE","rake_deg":-90.0,"upper_depth_km":0.0,"lower_depth_km":15.0},"geometry":{"type":"LineString","coordinates":[[-124.37099,42.48259],[-124.37476,42.51582],[-124.37817,42.55286],[-124.40285,42.59595],[-124.449696,42.667308],[-124.49665,42.73865],[-124.50019,42.75056],[-124.51262,42.82849],[-124.52835,42.86842],[-124.53516,42.88282],[-124.5418,42.89733]]}},{"type":"Feature","properties":{"section_id":2506,"section_name":"Beaver Creek","state":"OR","secondary_state":"","dip_deg":50.0,"dip_dir":"S","rake_deg":-90.0,"upper_depth_km":0.0,"lower_depth_km":15.0},"geometry":{"type":"LineString","coordinates":[[-124.46215,42.78063],[-124.44944,42.79509],[-124.42194,42.80854],[-124.39058,42.82671],[-124.34859,42.83607]]}},{"type":"Feature","properties":{"section_id":2508,"section_name":"Cape Blanco Anticline","state":"OR","secondary_state":"","dip_deg":45.0,"dip_dir":"S","rake_deg":90.0,"upper_depth_km":0.0,"lower_depth_km":15.0},"geometry":{"type":"LineString","coordinates":[[-124.95758,43.02085],[-124.87744,42.99381],[-124.79838,42.97818],[-124.75633,42.96255],[-124.68419,42.89508],[-124.64609,42.86597],[-124.60405,42.85276],[-124.51619,42.83816]]}},{"type":"Feature","properties":{"section_id":2509,"section_name":"Chemult Graben (east)","state":"OR","secondary_state":"","dip_deg":50.0,"dip_dir":"W","rake_deg":-90.0,"upper_depth_km":0.0,"lower_depth_km":15.0},"geometry":{"type":"LineString","coordinates":[[-121.51052,43.47429],[-121.57251,43.43656],[-121.57907,43.4265],[-121.6531,43.38804],[-121.72731,43.32812],[-121.73216,43.29551],[-121.73889,43.26901],[-121.73809,43.22975],[-121.72218,43.19238],[-121.70745,43.12707],[-121.69469,43.09643],[-121.70745,43.07604],[-121.68283,43.04522],[-121.6601,43.00552]]}},{"type":"Feature","properties":{"section_id":2510,"section_name":"Chemult Graben (west)","state":"OR","secondary_state":"","dip_deg":50.0,"dip_dir":"SE","rake_deg":-90.0,"upper_depth_km":0.0,"lower_depth_km":15.0},"geometry":{"type":"LineString","coordinates":[[-121.67888,42.9862],[-121.71338,43.02762],[-121.77806,43.06804],[-121.7751,43.0976],[-121.79981,43.20495],[-121.79999,43.28976],[-121.8096,43.32453],[-121.77923,43.37115],[-121.76711,43.40925],[-121.65696,43.42506],[-121.63199,43.45991],[-121.62516,43.48956]]}},{"type":"Feature","properties":{"section_id":2519,"section_name":"Klamath Graben (east)","state":"OR","secondary_state":"","dip_deg":50.0,"dip_dir":"SW","rake_deg":-90.0,"upper_depth_km":0.0,"lower_depth_km":15.0},"geometry":{"type":"LineString","coordinates":[[-121.99407,42.79384],[-121.968311,42.724968],[-121.94261,42.65609],[-121.899166,42.557298],[-121.85586,42.45849],[-121.791798,42.359356],[-121.72794,42.26019],[-121.71397,42.21882],[-121.681956,42.15206],[-121.65001,42.08529],[-121.50812,42.01705]]}},{"type":"Feature","properties":{"section_id":2520,"section_name":"Klamath Graben (west, south)","state":"OR","secondary_state":"","dip_deg":50.0,"dip_dir":"E","rake_deg":-90.0,"upper_depth_km":0.0,"lower_depth_km":15.0},"geometry":{"type":"LineString","coordinates":[[-122.02456,42.29901],[-122.03706,42.34902],[-122.07014,42.37563],[-122.08776,42.4086],[-122.089727,42.505053],[-122.091701,42.601503],[-122.09368,42.69795],[-122.111306,42.763257],[-122.12897,42.82856]]}},{"type":"Feature","properties":{"section_id":2531,"section_name":"Santa Rosa Range (north)","state":"NV","secondary_state":"OR","dip_deg":50.0,"dip_dir":"W","rake_deg":-90.0,"upper_depth_km":0.0,"lower_depth_km":15.0},"geometry":{"type":"LineString","coordinates":[[-117.33865,42.61636],[-117.35055,42.60706],[-117.40708,42.59029],[-117.4381,42.57425],[-117.48388,42.56125],[-117.50709,42.55126],[-117.52322,42.54292],[-117.53972,42.53226],[-117.56642,42.50491],[-117.59206,42.49653],[-117.6165,42.48097],[-117.63723,42.45626],[-117.64711,42.45127],[-117.66846,42.42104],[-117.69957,42.39058]]}},{"type":"Feature","properties":{"section_id":2532,"section_name":"Sky Lakes","state":"OR","secondary_state":"","dip_deg":50.0,"dip_dir":"E","rake_deg":-90.0,"upper_depth_km":0.0,"lower_depth_km":15.0},"geometry":{"type":"LineString","coordinates":[[-122.04892,42.14711],[-122.10345,42.19778],[-122.14757,42.25725],[-122.18854,42.33667],[-122.21046,42.34924],[-122.21234,42.37718],[-122.22636,42.4177],[-122.23202,42.48445],[-122.24101,42.51661],[-122.24262,42.54509],[-122.23687,42.5892]]}},{"type":"Feature","properties":{"section_id":2535,"section_name":"Steens (center)","state":"OR","secondary_state":"NV","dip_deg":50.0,"dip_dir":"E","rake_deg":-90.0,"upper_depth_km":0.0,"lower_depth_km":15.0},"geometry":{"type":"LineString","coordinates":[[-118.52861,42.45409],[-118.53092,42.48744],[-118.53719,42.49822],[-118.53003,42.52749],[-118.53812,42.55546],[-118.52164,42.61049],[-118.49776,42.66671]]}},{"type":"Feature","properties":{"section_id":2536,"section_name":"Tule Springs Rims","state":"OR","secondary_state":"","dip_deg":50.0,"dip_dir":"W","rake_deg":-90.0,"upper_depth_km":0.0,"lower_depth_km":15.0},"geometry":{"type":"LineString","coordinates":[[-118.33025,42.67491],[-118.34365,42.65171],[-118.35943,42.62777],[-118.36551,42.60896],[-118.37034,42.51586],[-118.39592,42.4807],[-118.40645,42.45054],[-118.44776,42.40903],[-118.47009,42.40034],[-118.48424,42.38514],[-118.48897,42.36586]]}},{"type":"Feature","properties":{"section_id":2541,"section_name":"Warner Valley (west, north)","state":"OR","secondary_state":"","dip_deg":50.0,"dip_dir":"E","rake_deg":-90.0,"upper_depth_km":0.0,"lower_depth_km":15.0},"geometry":{"type":"LineString","coordinates":[[-119.96065,42.07278],[-119.94899,42.1194],[-119.93235,42.14792],[-119.90868,42.16589],[-119.8829,42.25707],[-119.8952,42.27862],[-119.88212,42.29409],[-119.90811,42.3235],[-119.91145,42.40246],[-119.92207,42.41121],[-119.91793,42.4345],[-119.92311,42.45267]]}},{"type":"Feature","properties":{"section_id":2543,"section_name":"Whaleshead","state":"OR","secondary_state":"","dip_deg":90.0,"dip_dir":"Vertical","rake_deg":180.0,"upper_depth_km":0.0,"lower_depth_km":15.0},"geometry":{"type":"LineString","coordinates":[[-124.43475,42.48124],[-124.41033,42.45669],[-124.37429,42.40387],[-124.36111,42.37155],[-124.33007,42.27764],[-124.33037,42.26529],[-124.33122,42.24279],[-124.32935,42.21884],[-124.32754,42.20409],[-124.32702,42.17633],[-124.3428,42.15075],[-124.34955,42.14565],[-124.3558,42.14369]]}},{"type":"Feature","properties":{"section_id":2544,"section_name":"Winter Rim","state":"OR","secondary_state":"","dip_deg":50.0,"dip_dir":"E","rake_deg":-90.0,"upper_depth_km":0.0,"lower_depth_km":15.0},"geometry":{"type":"LineString","coordinates":[[-120.492475,42.563345],[-120.511314,42.583013],[-120.519181,42.620484],[-120.530982,42.651537],[-120.542575,42.672033],[-120.600335,42.723582],[-120.673,42.710125],[-120.745872,42.714887],[-120.782722,42.754842],[-120.803011,42.822539],[-120.816881,42.909075],[-120.806323,42.932054],[-120.799698,42.945511],[-120.781066,42.973873],[-120.778582,43.000165],[-120.776098,43.006376]]}},{"type":"Feature","properties":{"section_id":2562,"section_name":"East Pueblo Valley","state":"OR","secondary_state":"","dip_deg":50.0,"dip_dir":"W","rake_deg":-90.0,"upper_depth_km":0.0,"lower_depth_km":15.0},"geometry":{"type":"LineString","coordinates":[[-118.47072,42.12493],[-118.46494,42.10346],[-118.4645,42.09655],[-118.46496,42.08575],[-118.46518,42.06873],[-118.48464,42.03588],[-118.48595,42.03186],[-118.49017,42.00511],[-118.49291,41.99915]]}},{"type":"Feature","properties":{"section_id":2565,"section_name":"Klamath Graben (west, center)","state":"OR","secondary_state":"","dip_deg":50.0,"dip_dir":"E","rake_deg":-90.0,"upper_depth_km":0.0,"lower_depth_km":15.0},"geometry":{"type":"LineString","coordinates":[[-122.17039,42.77723],[-122.182084,42.888822],[-122.19382,43.00041],[-122.21474,43.12622]]}},{"type":"Feature","properties":{"section_id":2572,"section_name":"Santa Rosa Range (center)","state":"NV","secondary_state":"OR","dip_deg":50.0,"dip_dir":"W","rake_deg":-90.0,"upper_depth_km":0.0,"lower_depth_km":15.0},"geometry":{"type":"LineString","coordinates":[[-117.74925,42.24082],[-117.75272,42.2225],[-117.74569,42.15218],[-117.7397,42.14341],[-117.73052,42.13117],[-117.71378,42.11486]]}},{"type":"Feature","properties":{"section_id":2573,"section_name":"Santa Rosa Range (south)","state":"NV","secondary_state":"OR","dip_deg":50.0,"dip_dir":"W","rake_deg":-90.0,"upper_depth_km":0.0,"lower_depth_km":15.0},"geometry":{"type":"LineString","coordinates":[[-117.759911,42.133288],[-117.755263,42.111465],[-117.761932,42.094895],[-117.75789,42.07974],[-117.754657,42.075295],[-117.75102,42.070647],[-117.747989,42.056907],[-117.749403,42.05226],[-117.751626,42.047006],[-117.74516,42.037913],[-117.742331,42.036094],[-117.733642,42.035084],[-117.719094,42.022354],[-117.701514,41.997904],[-117.698887,41.985174],[-117.702726,41.979718],[-117.692623,41.956885],[-117.699291,41.923746],[-117.707172,41.910006],[-117.696058,41.899498],[-117.683934,41.876261],[-117.693634,41.857873],[-117.692623,41.843728],[-117.688986,41.832817],[-117.679691,41.82433],[-117.665749,41.770985],[-117.666355,41.761084],[-117.67565,41.753001],[-117.68353,41.734815],[-117.699898,41.722691],[-117.721923,41.721277],[-117.73728,41.700262],[-117.736673,41.663486],[-117.745968,41.637622],[-117.751222,41.591753],[-117.760517,41.566899],[-117.749808,41.555785],[-117.727783,41.528709],[-117.733036,41.503653],[-117.760719,41.468089],[-117.764356,41.434748],[-117.743948,41.397366],[-117.728389,41.382818],[-117.69525,41.357964]]}},{"type":"Feature","properties":{"section_id":2574,"section_name":"Steens (north)","state":"OR","secondary_state":"NV","dip_deg":50.0,"dip_dir":"E","rake_deg":-90.0,"upper_depth_km":0.0,"lower_depth_km":15.0},"geometry":{"type":"LineString","coordinates":[[-118.50415,42.71635],[-118.47907,42.76407],[-118.4631,42.78518],[-118.44888,42.82211],[-118.42511,42.84571],[-118.40204,42.87194],[-118.38659,42.88955],[-118.37508,42.90831],[-118.33412,42.94879],[-118.28614,43.00763],[-118.26985,43.03664],[-118.24811,43.05344]]}},{"type":"Feature","properties":{"section_id":2575,"section_name":"Steens (south)","state":"OR","secondary_state":"NV","dip_deg":50.0,"dip_dir":"E","rake_deg":-90.0,"upper_depth_km":0.0,"lower_depth_km":15.0},"geometry":{"type":"LineString","coordinates":[[-118.7531,41.7496],[-118.76389,41.75927],[-118.76727,41.7697],[-118.77892,41.78293],[-118.77277,41.80518],[-118.76424,41.82803],[-118.7579,41.84253],[-118.75785,41.85716],[-118.74582,41.89601],[-118.71613,41.92605],[-118.71126,41.93876],[-118.69559,41.9524],[-118.67701,41.96216],[-118.67291,41.97355],[-118.65668,41.98511],[-118.64522,42.00008],[-118.63364,42.01971],[-118.62046,42.02931],[-118.60072,42.07343],[-118.57481,42.09285],[-118.60438,42.12366],[-118.60652,42.16724],[-118.63386,42.1902],[-118.65096,42.21863],[-118.66192,42.24627],[-118.67082,42.32298],[-118.67046,42.33495],[-118.66612,42.35156],[-118.65429,42.3707],[-118.65126,42.37678],[-118.64669,42.39583],[-118.64188,42.4008],[-118.63934,42.42566],[-118.6134,42.52945]]}},{"type":"Feature","properties":{"section_id":2583,"section_name":"Warner Valley (east, north)","state":"OR","secondary_state":"","dip_deg":50.0,"dip_dir":"W","rake_deg":-90.0,"upper_depth_km":0.0,"lower_depth_km":15.0},"geometry":{"type":"LineString","coordinates":[[-119.50367,42.88846],[-119.49896,42.8777],[-119.4996,42.82137],[-119.51895,42.79564],[-119.54025,42.73756],[-119.5535,42.71997]]}},{"type":"Feature","properties":{"section_id":2584,"section_name":"Warner Valley (east, center)","state":"OR","secondary_state":"","dip_deg":50.0,"dip_dir":"W","rake_deg":-90.0,"upper_depth_km":0.0,"lower_depth_km":15.0},"geometry":{"type":"LineString","coordinates":[[-119.585401,42.723064],[-119.614591,42.680831],[-119.625771,42.667685],[-119.642643,42.626798],[-119.652166,42.621519],[-119.682288,42.601024],[-119.721933,42.573386],[-119.739634,42.553408],[-119.781453,42.528669],[-119.795634,42.510968],[-119.797186,42.500617],[-119.796979,42.469771],[-119.812092,42.440063],[-119.819131,42.435819],[-119.81675,42.428573],[-119.830414,42.377956],[-119.824513,42.362015],[-119.796255,42.345556],[-119.790665,42.339553],[-119.788595,42.313571],[-119.755885,42.28024]]}},{"type":"Feature","properties":{"section_id":2705,"section_name":"Hurricane (Ash Creek, Cedar City)","state":"UT","secondary_state":"","dip_deg":50.0,"dip_dir":"NW","rake_deg":-90.0,"upper_depth_km":0.0,"lower_depth_km":15.0},"geometry":{"type":"LineString","coordinates":[[-113.05593,37.66063],[-113.09249,37.6155],[-113.1058,37.58949],[-113.12958,37.56884],[-113.14657,37.56462],[-113.1649,37.55229],[-113.19607,37.50428],[-113.21239,37.49019],[-113.23005,37.42618],[-113.22761,37.40661],[-113.28243,37.29754]]}},{"type":"Feature","properties":{"section_id":2728,"section_name":"Antelope Range","state":"UT","secondary_state":"","dip_deg":50.0,"dip_dir":"NW","rake_deg":-90.0,"upper_depth_km":0.0,"lower_depth_km":15.0},"geometry":{"type":"LineString","coordinates":[[-113.37598,37.81733],[-113.40023,37.81517],[-113.4273,37.79121],[-113.45117,37.78854],[-113.47498,37.76595],[-113.47724,37.75233],[-113.48661,37.75025],[-113.49386,37.74234],[-113.4929,37.71665],[-113.52042,37.69502],[-113.52579,37.67161],[-113.54191,37.66762],[-113.55717,37.64899]]}},{"type":"Feature","properties":{"section_id":2733,"section_name":"Big Pass","state":"UT","secondary_state":"","dip_deg":50.0,"dip_dir":"NE","rake_deg":-90.0,"upper_depth_km":0.0,"lower_depth_km":15.0},"geometry":{"type":"LineString","coordinates":[[-113.09722,41.43314],[-113.13018,41.4721],[-113.16116,41.52182]]}},{"type":"Feature","properties":{"section_id":2734,"section_name":"Black Mountains","state":"UT","secondary_state":"","dip_deg":50.0,"dip_dir":"NW","rake_deg":-90.0,"upper_depth_km":0.0,"lower_depth_km":15.0},"geometry":{"type":"LineString","coordinates":[[-113.23244,38.09382],[-113.27545,38.07508],[-113.29482,38.06569],[-113.30834,38.05778]]}},{"type":"Feature","properties":{"section_id":2739,"section_name":"Cricket Mountains (west)","state":"UT","secondary_state":"","dip_deg":50.0,"dip_dir":"NW","rake_deg":-90.0,"upper_depth_km":0.0,"lower_depth_km":15.0},"geometry":{"type":"LineString","coordinates":[[-112.95865,39.05568],[-112.97563,39.03145],[-112.97849,39.01978],[-112.99716,38.9981],[-113.02934,38.9549],[-113.03031,38.93771],[-113.03955,38.92429],[-113.0608,38.88513],[-113.07159,38.875],[-113.08025,38.85281],[-113.08458,38.83388],[-113.09646,38.79798],[-113.10074,38.74556],[-113.11171,38.72649],[-113.12069,38.70669],[-113.15053,38.67278],[-113.19655,38.64335]]}},{"type":"Feature","properties":{"section_id":2742,"section_name":"Drum Mountains (northwest)","state":"UT","secondary_state":"","dip_deg":50.0,"dip_dir":"E","rake_deg":-90.0,"upper_depth_km":0.0,"lower_depth_km":15.0},"geometry":{"type":"LineString","coordinates":[[-112.93882,39.44816],[-112.94053,39.46316],[-112.93646,39.49422],[-112.94004,39.52461],[-112.9402,39.55231]]}},{"type":"Feature","properties":{"section_id":2748,"section_name":"Enoch Graben","state":"UT","secondary_state":"","dip_deg":50.0,"dip_dir":"W","rake_deg":-90.0,"upper_depth_km":0.0,"lower_depth_km":15.0},"geometry":{"type":"LineString","coordinates":[[-112.97976,37.86848],[-112.98733,37.84331],[-112.99842,37.83131],[-113.00712,37.81102],[-113.02845,37.76159]]}},{"type":"Feature","properties":{"section_id":2749,"section_name":"Fish Springs","state":"UT","secondary_state":"","dip_deg":50.0,"dip_dir":"E","rake_deg":-90.0,"upper_depth_km":0.0,"lower_depth_km":15.0},"geometry":{"type":"LineString","coordinates":[[-113.39387,39.7022],[-113.42181,39.76269],[-113.42147,39.80685],[-113.40792,39.82614]]}},{"type":"Feature","properties":{"section_id":2752,"section_name":"Grouse Creek - Dove Creek Mountains (north)","state":"UT","secondary_state":"","dip_deg":50.0,"dip_dir":"SE","rake_deg":-90.0,"upper_depth_km":0.0,"lower_depth_km":15.0},"geometry":{"type":"LineString","coordinates":[[-113.69208,41.73027],[-113.67862,41.74197],[-113.67633,41.7574],[-113.65998,41.77083],[-113.66479,41.7906],[-113.65976,41.80365],[-113.66523,41.84062],[-113.66069,41.84847]]}},{"type":"Feature","properties":{"section_id":2754,"section_name":"Grouse Creek - Dove Creek Mountains (south)","state":"UT","secondary_state":"","dip_deg":50.0,"dip_dir":"SE","rake_deg":-90.0,"upper_depth_km":0.0,"lower_depth_km":15.0},"geometry":{"type":"LineString","coordinates":[[-113.74106,41.62941],[-113.7183,41.66572],[-113.69676,41.68054],[-113.70073,41.69792],[-113.69152,41.7083]]}},{"type":"Feature","properties":{"section_id":2755,"section_name":"Gunlock","state":"UT","secondary_state":"","dip_deg":50.0,"dip_dir":"W","rake_deg":-90.0,"upper_depth_km":0.0,"lower_depth_km":15.0},"geometry":{"type":"LineString","coordinates":[[-113.67512,37.40624],[-113.69792,37.3593],[-113.72115,37.32297],[-113.74954,37.30399],[-113.76282,37.26438],[-113.77378,37.18494]]}},{"type":"Feature","properties":{"section_id":2758,"section_name":"House Range","state":"UT","secondary_state":"","dip_deg":50.0,"dip_dir":"W","rake_deg":-90.0,"upper_depth_km":0.0,"lower_depth_km":15.0},"geometry":{"type":"LineString","coordinates":[[-113.40386,39.5165],[-113.39097,39.47962],[-113.390089,39.415118],[-113.38921,39.35061],[-113.43605,39.25852],[-113.43824,39.22767],[-113.45536,39.21189],[-113.46197,39.16593],[-113.42899,39.115],[-113.43439,39.0823],[-113.39757,39.04497]]}},{"type":"Feature","properties":{"section_id":2763,"section_name":"Mineral Mountains","state":"UT","secondary_state":"","dip_deg":50.0,"dip_dir":"W","rake_deg":-90.0,"upper_depth_km":0.0,"lower_depth_km":15.0},"geometry":{"type":"LineString","coordinates":[[-112.89221,38.47342],[-112.90954,38.40376],[-112.90772,38.3838],[-112.91584,38.36787],[-112.91721,38.34729],[-112.94364,38.32326],[-112.94789,38.30795],[-112.93455,38.28225],[-112.93501,38.24835],[-112.92736,38.2162],[-112.93586,38.18533],[-112.94688,38.18124],[-112.95368,38.15952]]}},{"type":"Feature","properties":{"section_id":2767,"section_name":"Red Hills","state":"UT","secondary_state":"","dip_deg":50.0,"dip_dir":"SE","rake_deg":-90.0,"upper_depth_km":0.0,"lower_depth_km":15.0},"geometry":{"type":"LineString","coordinates":[[-112.98478,37.80345],[-112.96349,37.82583],[-112.94896,37.8536],[-112.93978,37.89334],[-112.92024,37.91748],[-112.9099,37.92501],[-112.87355,37.93699],[-112.83489,37.98536],[-112.82018,37.99506],[-112.81757,37.99965]]}},{"type":"Feature","properties":{"section_id":2768,"section_name":"San Francisco Mountains (west)","state":"UT","secondary_state":"","dip_deg":50.0,"dip_dir":"W","rake_deg":-90.0,"upper_depth_km":0.0,"lower_depth_km":15.0},"geometry":{"type":"LineString","coordinates":[[-113.25771,38.64794],[-113.27873,38.61687],[-113.28059,38.59813],[-113.29142,38.57895],[-113.30194,38.57242],[-113.31881,38.55308],[-113.31747,38.53535],[-113.32412,38.51551],[-113.31755,38.47772],[-113.32065,38.46108],[-113.30535,38.44784],[-113.34803,38.39352],[-113.35943,38.36543],[-113.3713,38.35128]]}},{"type":"Feature","properties":{"section_id":2771,"section_name":"Snake Valley (north)","state":"UT","secondary_state":"","dip_deg":50.0,"dip_dir":"E","rake_deg":-90.0,"upper_depth_km":0.0,"lower_depth_km":15.0},"geometry":{"type":"LineString","coordinates":[[-113.9698,39.40818],[-113.95059,39.45381],[-113.95206,39.48973]]}},{"type":"Feature","properties":{"section_id":2776,"section_name":"Wah Wah Mountains (south)","state":"UT","secondary_state":"","dip_deg":50.0,"dip_dir":"E","rake_deg":-90.0,"upper_depth_km":0.0,"lower_depth_km":15.0},"geometry":{"type":"LineString","coordinates":[[-113.51017,37.95508],[-113.4806,38.00051],[-113.45172,38.03405],[-113.45275,38.06618],[-113.40234,38.10323],[-113.37662,38.13064],[-113.3794,38.14293],[-113.37061,38.16923],[-113.37515,38.19626],[-113.38859,38.21373],[-113.39206,38.24985]]}},{"type":"Feature","properties":{"section_id":2777,"section_name":"Washington (Fort Pearce)","state":"UT","secondary_state":"AZ","dip_deg":50.0,"dip_dir":"NW","rake_deg":-90.0,"upper_depth_km":0.0,"lower_depth_km":15.0},"geometry":{"type":"LineString","coordinates":[[-113.56029,37.38073],[-113.56037,37.35149],[-113.54162,37.28403],[-113.5221,37.25137],[-113.49419,37.19922],[-113.50738,37.14878],[-113.488259,37.074346],[-113.46918,36.9999],[-113.47175,36.98143],[-113.47258,36.97599],[-113.47564,36.97155],[-113.48481,36.96056],[-113.50357,36.93213],[-113.51399,36.9118],[-113.53052,36.89714],[-113.54469,36.88047],[-113.55248,36.87157],[-113.56248,36.86324],[-113.57415,36.85257],[-113.57804,36.845],[-113.57705,36.83961],[-113.57468,36.83345],[-113.57053,36.82017]]}}]}